0,0.02973 ,0.02535 ,0.01327 ,0.01644 ,0.02668 ,0.02319 ,
0,0.03190 ,0.02743 ,0.01292 ,0.01490 ,0.02296 ,0.02161 ,
0,0.03641 ,0.02440 ,0.01466 ,0.03677 ,0.02703 ,0.01834 ,
0,0.03238 ,0.03816 ,0.00976 ,0.00789 ,0.01180 ,0.02883 ,
0,0.02643 ,0.01186 ,0.00796 ,0.01740 ,0.02903 ,0.02739 ,
0,0.02294 ,0.01355 ,0.01258 ,0.02375 ,0.01946 ,0.01651 ,
0,0.02883 ,0.01209 ,0.01192 ,0.01689 ,0.01672 ,0.02527 ,
0,0.03575 ,0.01441 ,0.01311 ,0.02955 ,0.02676 ,0.02672 ,
0,0.04586 ,0.01718 ,0.01816 ,0.03561 ,0.02080 ,0.03567 ,
0,0.05060 ,0.02077 ,0.02801 ,0.05626 ,0.03484 ,0.03341 ,
0,0.02576 ,0.01504 ,0.01343 ,0.01753 ,0.01473 ,0.01410 ,
0,0.04945 ,0.01654 ,0.01539 ,0.03276 ,0.02786 ,0.02246 ,
0,0.04527 ,0.01734 ,0.02100 ,0.04696 ,0.02407 ,0.02856 ,
0,0.06125 ,0.02625 ,0.03426 ,0.06705 ,0.05614 ,0.03049 ,
0,0.04078 ,0.01628 ,0.01938 ,0.02122 ,0.02646 ,0.03247 ,
0,0.06727 ,0.01948 ,0.02592 ,0.05211 ,0.05905 ,0.02339 ,
0,0.04980 ,0.01254 ,0.01824 ,0.05562 ,0.03866 ,0.01018 ,
0,0.05003 ,0.01785 ,0.02702 ,0.05564 ,0.05566 ,0.01526 ,
0,0.02303 ,0.01015 ,0.01522 ,0.02238 ,0.03414 ,0.00717 ,
0,0.04044 ,0.01103 ,0.01917 ,0.03466 ,0.04111 ,0.01314 ,
0,0.03507 ,0.04401 ,0.02300 ,0.03970 ,0.02824 ,0.02000 ,
0,0.03401 ,0.03902 ,0.02369 ,0.03399 ,0.03086 ,0.03153 ,
0,0.02514 ,0.04696 ,0.02344 ,0.02872 ,0.01870 ,0.01333 ,
0,0.04381 ,0.04354 ,0.02221 ,0.02996 ,0.04153 ,0.02345 ,
0,0.08670 ,0.01963 ,0.01530 ,0.04648 ,0.04661 ,0.05587 ,
0,0.08252 ,0.01949 ,0.01687 ,0.04370 ,0.03511 ,0.04689 ,
0,0.07233 ,0.02655 ,0.02118 ,0.04278 ,0.02775 ,0.03126 ,
0,0.09527 ,0.01872 ,0.01676 ,0.05291 ,0.06080 ,0.05674 ,
0,0.03427 ,0.01688 ,0.01794 ,0.02508 ,0.01784 ,0.02050 ,
0,0.02952 ,0.01717 ,0.01819 ,0.01991 ,0.02429 ,0.02730 ,
0,0.01870 ,0.01874 ,0.01743 ,0.01221 ,0.01093 ,0.02070 ,
0,0.04588 ,0.01354 ,0.02091 ,0.03836 ,0.04062 ,0.02634 ,
0,0.05162 ,0.01471 ,0.01701 ,0.04552 ,0.03942 ,0.02136 ,
0,0.04331 ,0.01340 ,0.01248 ,0.02625 ,0.01899 ,0.01561 ,
0,0.05413 ,0.01486 ,0.01082 ,0.01850 ,0.02890 ,0.02739 ,
0,0.05848 ,0.01453 ,0.01470 ,0.04021 ,0.03166 ,0.03078 ,
0,0.08295 ,0.03750 ,0.04810 ,0.08582 ,0.08925 ,0.03174 ,
0,0.10464 ,0.03081 ,0.04794 ,0.10104 ,0.11704 ,0.03929 ,
0,0.08343 ,0.03047 ,0.03581 ,0.08870 ,0.07054 ,0.03118 ,
0,0.10162 ,0.03614 ,0.05483 ,0.12675 ,0.08797 ,0.03074 ,
0,0.10274 ,0.03668 ,0.05179 ,0.10613 ,0.11480 ,0.04133 ,
0,0.12388 ,0.02946 ,0.05361 ,0.13083 ,0.11688 ,0.03662 ,
0,0.09767 ,0.03190 ,0.04316 ,0.10410 ,0.08969 ,0.04368 ,
0,0.11782 ,0.03653 ,0.05985 ,0.13207 ,0.11380 ,0.03900 ,
0,0.03081 ,0.02410 ,0.02665 ,0.03927 ,0.03304 ,0.00973 ,
0,0.02991 ,0.02639 ,0.03158 ,0.03280 ,0.03434 ,0.02033 ,
0,0.01686 ,0.02426 ,0.02817 ,0.02765 ,0.00569 ,0.01111 ,
0,0.02585 ,0.02960 ,0.03647 ,0.03648 ,0.01628 ,0.00922 ,
0,0.04586 ,0.02484 ,0.03303 ,0.06103 ,0.03839 ,0.01656 ,
0,0.04296 ,0.02605 ,0.03450 ,0.05063 ,0.04696 ,0.01647 ,
0,0.02212 ,0.01721 ,0.02250 ,0.02858 ,0.01619 ,0.00960 ,
0,0.04872 ,0.02742 ,0.03860 ,0.05048 ,0.05022 ,0.01428 ,
0,0.11657 ,0.03965 ,0.05328 ,0.14506 ,0.09889 ,0.03178 ,
0,0.12072 ,0.03643 ,0.06417 ,0.09956 ,0.15262 ,0.03861 ,
0,0.07300 ,0.02703 ,0.03919 ,0.09700 ,0.05797 ,0.03026 ,
0,0.09273 ,0.03265 ,0.04862 ,0.10633 ,0.09008 ,0.02335 ,
0,0.10862 ,0.03939 ,0.05434 ,0.09552 ,0.13485 ,0.02851 ,
0,0.12967 ,0.03494 ,0.05492 ,0.11093 ,0.16380 ,0.06018 ,
0,0.07194 ,0.04213 ,0.04366 ,0.07132 ,0.08549 ,0.02607 ,
0,0.08782 ,0.03147 ,0.04692 ,0.12221 ,0.07150 ,0.03945 ,
0,0.01560 ,0.02401 ,0.01639 ,0.01903 ,0.00947 ,0.02010 ,
0,0.02433 ,0.02791 ,0.02333 ,0.02065 ,0.03258 ,0.01782 ,
0,0.01602 ,0.02322 ,0.01883 ,0.01077 ,0.01991 ,0.01179 ,
0,0.02367 ,0.02540 ,0.02182 ,0.01759 ,0.02018 ,0.01334 ,
0,0.11242 ,0.03275 ,0.05075 ,0.12916 ,0.11590 ,0.03712 ,
0,0.13725 ,0.03484 ,0.05260 ,0.13698 ,0.15545 ,0.03466 ,
0,0.08613 ,0.04773 ,0.04199 ,0.09691 ,0.09281 ,0.04433 ,
0,0.10174 ,0.03682 ,0.04931 ,0.09581 ,0.12348 ,0.03213 ,
0,0.03880 ,0.03910 ,0.05279 ,0.04633 ,0.03654 ,0.01504 ,
0,0.03685 ,0.04088 ,0.04694 ,0.04176 ,0.03549 ,0.01497 ,
0,0.02812 ,0.04458 ,0.05091 ,0.02788 ,0.02042 ,0.01975 ,
0,0.03070 ,0.04610 ,0.06562 ,0.02310 ,0.02497 ,0.01689 ,
0,0.08226 ,0.01316 ,0.02589 ,0.07467 ,0.10198 ,0.01694 ,
0,0.07135 ,0.01517 ,0.02345 ,0.06691 ,0.09110 ,0.00875 ,
0,0.07400 ,0.01077 ,0.02326 ,0.06014 ,0.09337 ,0.02813 ,
0,0.04872 ,0.00829 ,0.02234 ,0.05142 ,0.05725 ,0.01385 ,
0,0.05391 ,0.01002 ,0.02363 ,0.04264 ,0.07398 ,0.01081 ,
0,0.05770 ,0.00867 ,0.01913 ,0.05172 ,0.07694 ,0.00501 ,
0,0.05581 ,0.01036 ,0.02523 ,0.04988 ,0.07082 ,0.01355 ,
0,0.03192 ,0.01066 ,0.01684 ,0.02576 ,0.04463 ,0.01596 ,
0,0.04449 ,0.01641 ,0.02196 ,0.03121 ,0.05969 ,0.01866 ,
0,0.05210 ,0.01227 ,0.02319 ,0.04306 ,0.06938 ,0.01590 ,
0,0.05997 ,0.01264 ,0.02084 ,0.05138 ,0.06562 ,0.02608 ,
0,0.03162 ,0.01302 ,0.02143 ,0.02444 ,0.03015 ,0.01244 ,
0,0.04562 ,0.01461 ,0.02401 ,0.04997 ,0.05491 ,0.01318 ,
0,0.06472 ,0.01440 ,0.03118 ,0.05769 ,0.08570 ,0.01910 ,
0,0.07660 ,0.01748 ,0.03042 ,0.05453 ,0.10078 ,0.03517 ,
0,0.04472 ,0.01030 ,0.02022 ,0.03254 ,0.06591 ,0.01747 ,
0,0.02889 ,0.00351 ,0.01416 ,0.02098 ,0.04512 ,0.00447 ,
0,0.03577 ,0.00571 ,0.01314 ,0.03662 ,0.04629 ,0.01481 ,
0,0.02078 ,0.00308 ,0.01683 ,0.01818 ,0.03532 ,0.01246 ,
0,0.01992 ,0.00444 ,0.01790 ,0.01897 ,0.02899 ,0.01234 ,
0,0.04094 ,0.01742 ,0.01349 ,0.03093 ,0.05128 ,0.01648 ,
0,0.07080 ,0.00932 ,0.02162 ,0.07159 ,0.08449 ,0.01559 ,
0,0.06318 ,0.00832 ,0.02010 ,0.04709 ,0.08453 ,0.01922 ,
0,0.07539 ,0.01119 ,0.02313 ,0.05701 ,0.10755 ,0.02379 ,
0,0.04561 ,0.01367 ,0.01859 ,0.03355 ,0.05808 ,0.01615 ,
0,0.05200 ,0.00930 ,0.02156 ,0.04227 ,0.07100 ,0.01757 ,
0,0.06646 ,0.01230 ,0.01646 ,0.05197 ,0.08582 ,0.01369 ,
0,0.05611 ,0.01073 ,0.02280 ,0.04528 ,0.06751 ,0.00963 ,
0,0.02008 ,0.00390 ,0.01592 ,0.02786 ,0.03330 ,0.00000 ,
0,0.03686 ,0.00865 ,0.01959 ,0.03941 ,0.04911 ,0.00839 ,
0,0.01859 ,0.00333 ,0.01232 ,0.01413 ,0.03647 ,0.00819 ,
0,0.02598 ,0.00717 ,0.01914 ,0.03466 ,0.03010 ,0.00850 ,
0,0.05672 ,0.00753 ,0.02050 ,0.05529 ,0.07660 ,0.01372 ,
0,0.07327 ,0.01370 ,0.02918 ,0.07062 ,0.09124 ,0.01524 ,
0,0.04714 ,0.00510 ,0.01226 ,0.03432 ,0.07166 ,0.01210 ,
0,0.05950 ,0.01144 ,0.02244 ,0.06293 ,0.07056 ,0.01440 ,
0,0.02490 ,0.02120 ,0.02097 ,0.01479 ,0.03257 ,0.02031 ,
0,0.02748 ,0.02588 ,0.01546 ,0.01365 ,0.03299 ,0.02382 ,
0,0.02553 ,0.02070 ,0.01437 ,0.02705 ,0.02389 ,0.01566 ,
0,0.02879 ,0.02393 ,0.02124 ,0.02488 ,0.02977 ,0.02698 ,
0,0.02085 ,0.01368 ,0.01441 ,0.01972 ,0.01880 ,0.00989 ,
0,0.01808 ,0.01280 ,0.01245 ,0.01802 ,0.02092 ,0.01221 ,
0,0.01979 ,0.00862 ,0.00808 ,0.01908 ,0.02566 ,0.01754 ,
0,0.01736 ,0.01347 ,0.01348 ,0.01948 ,0.01850 ,0.01387 ,
0,0.04055 ,0.00867 ,0.01361 ,0.03426 ,0.05960 ,0.01300 ,
0,0.04471 ,0.01665 ,0.02265 ,0.02810 ,0.06090 ,0.02091 ,
0,0.04676 ,0.01347 ,0.00751 ,0.03444 ,0.05850 ,0.01864 ,
0,0.05024 ,0.01207 ,0.01475 ,0.04400 ,0.05774 ,0.02238 ,
0,0.02139 ,0.01267 ,0.01122 ,0.01275 ,0.03471 ,0.01317 ,
0,0.02740 ,0.01476 ,0.01610 ,0.01777 ,0.03526 ,0.01234 ,
0,0.02099 ,0.01107 ,0.00649 ,0.01455 ,0.02663 ,0.01816 ,
0,0.02144 ,0.00964 ,0.00716 ,0.01441 ,0.02271 ,0.02168 ,
0,0.01906 ,0.02123 ,0.02400 ,0.01935 ,0.01894 ,0.00826 ,
0,0.01622 ,0.02071 ,0.02120 ,0.02085 ,0.00961 ,0.02029 ,
0,0.01773 ,0.02101 ,0.02162 ,0.01717 ,0.02301 ,0.01996 ,
0,0.02269 ,0.03814 ,0.02738 ,0.02585 ,0.02455 ,0.01022 ,
0,0.03421 ,0.04960 ,0.06074 ,0.01612 ,0.02921 ,0.02030 ,
0,0.03224 ,0.04818 ,0.06266 ,0.02957 ,0.02507 ,0.02914 ,
0,0.03134 ,0.04580 ,0.04721 ,0.03270 ,0.02094 ,0.02110 ,
0,0.03176 ,0.05124 ,0.06785 ,0.03384 ,0.01914 ,0.01508 ,
0,0.04655 ,0.03047 ,0.03611 ,0.02528 ,0.04666 ,0.02693 ,
0,0.05867 ,0.03590 ,0.04233 ,0.05223 ,0.04096 ,0.03110 ,
0,0.04472 ,0.02936 ,0.02795 ,0.03943 ,0.03590 ,0.03243 ,
0,0.04812 ,0.04579 ,0.04961 ,0.05254 ,0.03922 ,0.02079 ,
0,0.08609 ,0.03242 ,0.04827 ,0.08344 ,0.08194 ,0.02759 ,
0,0.09095 ,0.03667 ,0.04923 ,0.09454 ,0.09355 ,0.03380 ,
0,0.07974 ,0.03158 ,0.04051 ,0.09617 ,0.06994 ,0.01902 ,
0,0.10322 ,0.08410 ,0.05159 ,0.10409 ,0.10879 ,0.04580 ,
0,0.02825 ,0.01445 ,0.01769 ,0.03196 ,0.02875 ,0.01539 ,
0,0.01958 ,0.01231 ,0.01956 ,0.02308 ,0.01959 ,0.02341 ,
0,0.02727 ,0.01348 ,0.01842 ,0.03102 ,0.02413 ,0.01544 ,
0,0.02846 ,0.01847 ,0.02263 ,0.03815 ,0.02159 ,0.01557 ,
0,0.10818 ,0.03381 ,0.05061 ,0.08998 ,0.11517 ,0.03698 ,
0,0.09895 ,0.03303 ,0.04734 ,0.11435 ,0.08821 ,0.03152 ,
0,0.09929 ,0.02992 ,0.04406 ,0.13498 ,0.06989 ,0.02852 ,
0,0.10598 ,0.09253 ,0.05286 ,0.11088 ,0.10494 ,0.04090 ,
0,0.09064 ,0.02885 ,0.04555 ,0.09525 ,0.09157 ,0.03040 ,
0,0.10269 ,0.03976 ,0.05773 ,0.13041 ,0.08568 ,0.02380 ,
0,0.09535 ,0.03109 ,0.05186 ,0.12657 ,0.07479 ,0.03876 ,
0,0.11837 ,0.03298 ,0.05087 ,0.11275 ,0.13095 ,0.03321 ,
0,0.07591 ,0.03243 ,0.04275 ,0.08185 ,0.07357 ,0.02783 ,
0,0.10632 ,0.04201 ,0.06240 ,0.10705 ,0.11459 ,0.03334 ,
0,0.08362 ,0.03189 ,0.04180 ,0.09379 ,0.09088 ,0.02964 ,
0,0.09311 ,0.03255 ,0.05097 ,0.09394 ,0.10584 ,0.02719 ,
0,0.05384 ,0.01930 ,0.02410 ,0.06553 ,0.04549 ,0.01853 ,
0,0.06423 ,0.02490 ,0.03232 ,0.07453 ,0.06718 ,0.01393 ,
0,0.04740 ,0.01559 ,0.02891 ,0.04952 ,0.05534 ,0.01758 ,
0,0.03768 ,0.01911 ,0.02596 ,0.04075 ,0.03401 ,0.01244 ,
0,0.09928 ,0.03249 ,0.04487 ,0.11471 ,0.09689 ,0.03648 ,
0,0.12418 ,0.03806 ,0.05710 ,0.14105 ,0.12049 ,0.03390 ,
0,0.10030 ,0.02946 ,0.04427 ,0.13315 ,0.08018 ,0.03828 ,
0,0.08909 ,0.02986 ,0.04719 ,0.10812 ,0.07854 ,0.03632 ,
0,0.00475 ,0.00746 ,0.00681 ,0.00747 ,0.01331 ,0.00054 ,
0,0.00273 ,0.00644 ,0.00907 ,0.00756 ,0.01285 ,0.00285 ,
0,0.00744 ,0.00731 ,0.00747 ,0.00956 ,0.01890 ,0.00766 ,
0,0.00408 ,0.00376 ,0.00727 ,0.00526 ,0.01612 ,0.00741 ,
0,0.01845 ,0.00849 ,0.01844 ,0.02531 ,0.01990 ,0.01194 ,
0,0.00903 ,0.00868 ,0.01854 ,0.00994 ,0.01568 ,0.00695 ,
0,0.01228 ,0.00849 ,0.01073 ,0.01691 ,0.01790 ,0.00475 ,
0,0.01524 ,0.00986 ,0.02167 ,0.02138 ,0.01664 ,0.01296 ,
0,0.01757 ,0.01348 ,0.01221 ,0.02010 ,0.02358 ,0.00213 ,
0,0.01170 ,0.00491 ,0.00721 ,0.01343 ,0.01600 ,0.00458 ,
0,0.01859 ,0.00432 ,0.00836 ,0.02295 ,0.02344 ,0.00576 ,
0,0.02151 ,0.00986 ,0.01813 ,0.02640 ,0.02507 ,0.00922 ,
0,0.09178 ,0.03720 ,0.03015 ,0.09857 ,0.10947 ,0.01517 ,
0,0.06855 ,0.01012 ,0.01949 ,0.06756 ,0.07906 ,0.01809 ,
0,0.06014 ,0.00678 ,0.01229 ,0.05102 ,0.07949 ,0.01317 ,
0,0.05839 ,0.00629 ,0.02212 ,0.06395 ,0.07025 ,0.01249 ,
0,0.05686 ,0.01437 ,0.02615 ,0.05327 ,0.07197 ,0.00943 ,
0,0.04643 ,0.00896 ,0.01471 ,0.03046 ,0.07021 ,0.01440 ,
0,0.06064 ,0.00523 ,0.01577 ,0.06063 ,0.07195 ,0.01361 ,
0,0.06164 ,0.00525 ,0.01453 ,0.04988 ,0.08335 ,0.01938 ,
0,0.01897 ,0.02725 ,0.01568 ,0.01666 ,0.01808 ,0.01937 ,
0,0.01293 ,0.02254 ,0.01661 ,0.01168 ,0.01039 ,0.01281 ,
0,0.01468 ,0.01958 ,0.01497 ,0.01437 ,0.01381 ,0.01197 ,
0,0.01624 ,0.02501 ,0.02100 ,0.01165 ,0.01851 ,0.01638 ,
0,0.04654 ,0.01404 ,0.02013 ,0.04077 ,0.05648 ,0.01974 ,
0,0.03438 ,0.01361 ,0.01799 ,0.02718 ,0.04362 ,0.02229 ,
0,0.03660 ,0.00962 ,0.00902 ,0.02758 ,0.04721 ,0.01444 ,
0,0.03972 ,0.00865 ,0.01477 ,0.02742 ,0.05350 ,0.01535 ,
0,0.02807 ,0.03900 ,0.00818 ,0.01917 ,0.03487 ,0.01875 ,
0,0.01808 ,0.01446 ,0.00499 ,0.01453 ,0.02116 ,0.01970 ,
0,0.02506 ,0.01252 ,0.00622 ,0.01292 ,0.03337 ,0.01723 ,
0,0.02746 ,0.00831 ,0.00652 ,0.01061 ,0.02417 ,0.02168 ,
0,0.01743 ,0.00768 ,0.01231 ,0.02161 ,0.02318 ,0.00590 ,
0,0.01091 ,0.00002 ,0.00164 ,0.00871 ,0.01889 ,0.00347 ,
0,0.01415 ,0.00057 ,0.00377 ,0.01006 ,0.02570 ,0.00655 ,
0,0.02441 ,0.00499 ,0.01868 ,0.02853 ,0.02855 ,0.00655 ,
0,0.00000 ,0.00291 ,0.00056 ,0.00238 ,0.00204 ,0.00920 ,
0,0.00240 ,0.00527 ,0.00497 ,0.00738 ,0.00773 ,0.00292 ,
0,0.00058 ,0.00318 ,0.00703 ,0.00510 ,0.00000 ,0.00161 ,
0,0.00519 ,0.00638 ,0.00886 ,0.00395 ,0.01168 ,0.00483 ,
0,0.01297 ,0.00382 ,0.00392 ,0.01524 ,0.02623 ,0.01178 ,
0,0.01982 ,0.00607 ,0.01429 ,0.02909 ,0.02155 ,0.00733 ,
0,0.00864 ,0.00641 ,0.01245 ,0.01829 ,0.01027 ,0.00858 ,
0,0.01187 ,0.00555 ,0.01500 ,0.02142 ,0.01501 ,0.00295 ,
0,0.03905 ,0.00545 ,0.00941 ,0.03934 ,0.05465 ,0.01886 ,
0,0.05946 ,0.01116 ,0.02532 ,0.05657 ,0.07557 ,0.01554 ,
0,0.03159 ,0.00489 ,0.01021 ,0.03782 ,0.03944 ,0.01212 ,
0,0.05947 ,0.00897 ,0.01996 ,0.06795 ,0.07054 ,0.01287 ,
0,0.04654 ,0.00755 ,0.00991 ,0.04483 ,0.05679 ,0.01833 ,
0,0.06963 ,0.01246 ,0.02334 ,0.06117 ,0.09527 ,0.02093 ,
0,0.05349 ,0.00686 ,0.01226 ,0.05090 ,0.07580 ,0.02375 ,
0,0.06153 ,0.01053 ,0.02418 ,0.06426 ,0.07682 ,0.01501 ,
0,0.00754 ,0.01173 ,0.00854 ,0.00995 ,0.00942 ,0.01274 ,
0,0.01309 ,0.01458 ,0.01357 ,0.01990 ,0.00537 ,0.01568 ,
0,0.01301 ,0.00939 ,0.01070 ,0.01039 ,0.00812 ,0.01492 ,
0,0.01524 ,0.01096 ,0.01229 ,0.01529 ,0.01236 ,0.02422 ,
0,0.02883 ,0.01276 ,0.01362 ,0.02774 ,0.03973 ,0.01155 ,
0,0.06043 ,0.01302 ,0.02117 ,0.05473 ,0.08674 ,0.01145 ,
0,0.04760 ,0.00865 ,0.02277 ,0.04518 ,0.07000 ,0.01103 ,
0,0.06531 ,0.01048 ,0.02530 ,0.05324 ,0.09017 ,0.02669 ,
0,0.00977 ,0.00000 ,0.00014 ,0.00191 ,0.01577 ,0.01904 ,
0,0.01501 ,0.00221 ,0.00619 ,0.00688 ,0.02087 ,0.02053 ,
0,0.00926 ,0.00079 ,0.00000 ,0.00000 ,0.01083 ,0.01538 ,
0,0.01882 ,0.00343 ,0.00520 ,0.00879 ,0.03086 ,0.01597 ,
0,0.03435 ,0.06834 ,0.04293 ,0.04400 ,0.01961 ,0.01757 ,
0,0.02791 ,0.08240 ,0.04068 ,0.02458 ,0.01778 ,0.02963 ,
0,0.03919 ,0.07547 ,0.04028 ,0.04977 ,0.02875 ,0.03261 ,
0,0.03030 ,0.07024 ,0.03916 ,0.04440 ,0.01966 ,0.01924 ,
0,0.02753 ,0.06689 ,0.03471 ,0.03411 ,0.01425 ,0.01616 ,
0,0.03060 ,0.06632 ,0.04372 ,0.03982 ,0.01263 ,0.02133 ,
0,0.03063 ,0.06889 ,0.03233 ,0.03064 ,0.03382 ,0.02540 ,
0,0.02373 ,0.05839 ,0.03346 ,0.02979 ,0.01460 ,0.01733 ,
0,0.04994 ,0.06322 ,0.04316 ,0.05871 ,0.04075 ,0.03092 ,
0,0.03980 ,0.05900 ,0.04631 ,0.04831 ,0.03177 ,0.02812 ,
0,0.04960 ,0.06985 ,0.04311 ,0.05242 ,0.03756 ,0.03273 ,
0,0.04624 ,0.06431 ,0.04211 ,0.05407 ,0.03897 ,0.02652 ,
0,0.04658 ,0.07362 ,0.04268 ,0.05058 ,0.01999 ,0.03428 ,
0,0.03382 ,0.06281 ,0.03213 ,0.04187 ,0.02010 ,0.02197 ,
0,0.04954 ,0.06983 ,0.03543 ,0.05076 ,0.04343 ,0.02902 ,
0,0.03866 ,0.07101 ,0.03441 ,0.04216 ,0.02085 ,0.02157 ,
0,0.03932 ,0.07498 ,0.04301 ,0.05097 ,0.02505 ,0.01869 ,
0,0.03245 ,0.07197 ,0.03923 ,0.04306 ,0.02141 ,0.01682 ,
0,0.04231 ,0.07306 ,0.04466 ,0.05515 ,0.02489 ,0.01704 ,
0,0.03695 ,0.06926 ,0.03621 ,0.04783 ,0.02512 ,0.02423 ,
0,0.04399 ,0.06436 ,0.03930 ,0.06218 ,0.02920 ,0.01412 ,
0,0.03939 ,0.06697 ,0.03919 ,0.05460 ,0.02413 ,0.01854 ,
0,0.05108 ,0.06914 ,0.04990 ,0.06423 ,0.03371 ,0.03255 ,
0,0.05349 ,0.06251 ,0.05436 ,0.07262 ,0.03036 ,0.02730 ,
0,0.07149 ,0.06347 ,0.04718 ,0.08253 ,0.06084 ,0.03567 ,
0,0.06767 ,0.06384 ,0.04541 ,0.08263 ,0.04870 ,0.04080 ,
0,0.06921 ,0.05799 ,0.05032 ,0.08046 ,0.04937 ,0.02850 ,
0,0.07531 ,0.06334 ,0.05176 ,0.08744 ,0.06097 ,0.04385 ,
0,0.07768 ,0.19399 ,0.06320 ,0.07987 ,0.06167 ,0.04509 ,
0,0.06735 ,0.21428 ,0.06217 ,0.07093 ,0.04156 ,0.04264 ,
0,0.07362 ,0.19259 ,0.06986 ,0.07834 ,0.04114 ,0.03813 ,
0,0.06722 ,0.18666 ,0.06043 ,0.08405 ,0.02825 ,0.03532 ,
0,0.04350 ,0.12889 ,0.04844 ,0.04504 ,0.02406 ,0.01732 ,
0,0.03590 ,0.13719 ,0.04526 ,0.03092 ,0.02141 ,0.03129 ,
0,0.04977 ,0.12936 ,0.06045 ,0.04946 ,0.02782 ,0.02571 ,
0,0.04207 ,0.13636 ,0.04913 ,0.03216 ,0.03081 ,0.02793 ,
0,0.07707 ,0.16105 ,0.05657 ,0.09092 ,0.04550 ,0.04337 ,
0,0.06604 ,0.15314 ,0.06136 ,0.07246 ,0.04910 ,0.04503 ,
0,0.09218 ,0.15712 ,0.06730 ,0.08790 ,0.07364 ,0.05352 ,
0,0.08190 ,0.15482 ,0.06589 ,0.08680 ,0.06864 ,0.06553 ,
0,0.06030 ,0.04508 ,0.04165 ,0.06800 ,0.02897 ,0.02467 ,
0,0.04355 ,0.04809 ,0.04180 ,0.04786 ,0.02486 ,0.02818 ,
0,0.06260 ,0.05293 ,0.05606 ,0.06913 ,0.04315 ,0.03736 ,
0,0.05246 ,0.04955 ,0.04204 ,0.05894 ,0.04251 ,0.04001 ,
0,0.04849 ,0.06813 ,0.03778 ,0.06614 ,0.01438 ,0.01256 ,
0,0.03849 ,0.07247 ,0.03592 ,0.04088 ,0.01849 ,0.02380 ,
0,0.05579 ,0.07300 ,0.05287 ,0.07045 ,0.02850 ,0.02671 ,
0,0.04576 ,0.06776 ,0.04302 ,0.05843 ,0.02744 ,0.03094 ,
0,0.02178 ,0.06835 ,0.02499 ,0.03076 ,0.01387 ,0.01623 ,
0,0.03035 ,0.07686 ,0.03953 ,0.03645 ,0.02018 ,0.02412 ,
0,0.03524 ,0.06716 ,0.04308 ,0.04708 ,0.01963 ,0.03094 ,
0,0.03744 ,0.06762 ,0.03915 ,0.04292 ,0.02320 ,0.02160 ,
0,0.02215 ,0.06797 ,0.03443 ,0.02075 ,0.01356 ,0.01001 ,
0,0.02221 ,0.06314 ,0.02911 ,0.02826 ,0.01161 ,0.02160 ,
0,0.02952 ,0.06889 ,0.03901 ,0.02543 ,0.02079 ,0.03278 ,
0,0.03252 ,0.06843 ,0.04400 ,0.03319 ,0.02110 ,0.01625 ,
0,0.08121 ,0.15607 ,0.05163 ,0.08221 ,0.04091 ,0.03033 ,
0,0.06238 ,0.17392 ,0.05262 ,0.06841 ,0.01923 ,0.04822 ,
0,0.06592 ,0.14121 ,0.04955 ,0.07477 ,0.03834 ,0.04802 ,
0,0.06845 ,0.16236 ,0.05458 ,0.06859 ,0.04145 ,0.04122 ,
0,0.03277 ,0.07336 ,0.03429 ,0.03861 ,0.02121 ,0.01441 ,
0,0.03718 ,0.06675 ,0.02919 ,0.03724 ,0.02290 ,0.03550 ,
0,0.02937 ,0.06904 ,0.03428 ,0.03285 ,0.01145 ,0.02089 ,
0,0.03384 ,0.07770 ,0.04368 ,0.03397 ,0.01292 ,0.01791 ,
0,0.03375 ,0.07088 ,0.03612 ,0.04908 ,0.02250 ,0.01970 ,
0,0.02872 ,0.07585 ,0.04497 ,0.03707 ,0.01341 ,0.01734 ,
0,0.02784 ,0.07093 ,0.03482 ,0.03714 ,0.01951 ,0.02028 ,
0,0.02961 ,0.06961 ,0.03691 ,0.03918 ,0.02013 ,0.01431 ,
0,0.03812 ,0.06842 ,0.04810 ,0.03950 ,0.02058 ,0.02811 ,
0,0.02335 ,0.06675 ,0.03217 ,0.02911 ,0.01785 ,0.02236 ,
0,0.02911 ,0.07082 ,0.03699 ,0.03344 ,0.01729 ,0.02689 ,
0,0.02711 ,0.06877 ,0.03470 ,0.03024 ,0.01743 ,0.01819 ,
0,0.05982 ,0.06614 ,0.03807 ,0.06833 ,0.04110 ,0.04301 ,
0,0.04563 ,0.07121 ,0.04120 ,0.05261 ,0.03490 ,0.03058 ,
0,0.07049 ,0.06744 ,0.05022 ,0.09539 ,0.04278 ,0.04189 ,
0,0.05115 ,0.06077 ,0.04368 ,0.05944 ,0.04526 ,0.03408 ,
0,0.06751 ,0.14985 ,0.04894 ,0.07250 ,0.03971 ,0.05109 ,
0,0.05394 ,0.15611 ,0.05257 ,0.06084 ,0.02933 ,0.03827 ,
0,0.07042 ,0.15993 ,0.04537 ,0.06897 ,0.05695 ,0.04950 ,
0,0.06182 ,0.15018 ,0.05236 ,0.07027 ,0.03593 ,0.03330 ,
0,0.05212 ,0.14382 ,0.05091 ,0.05306 ,0.02787 ,0.02498 ,
0,0.04385 ,0.14436 ,0.04248 ,0.03184 ,0.02838 ,0.03843 ,
0,0.05776 ,0.14911 ,0.03878 ,0.03917 ,0.02013 ,0.02634 ,
0,0.04711 ,0.13447 ,0.04746 ,0.03459 ,0.02517 ,0.02468 ,
0,0.03646 ,0.07809 ,0.03090 ,0.03709 ,0.01069 ,0.02075 ,
0,0.02701 ,0.07331 ,0.03113 ,0.02624 ,0.01350 ,0.02871 ,
0,0.03374 ,0.07951 ,0.03887 ,0.02934 ,0.02371 ,0.02262 ,
0,0.03697 ,0.06788 ,0.02726 ,0.02770 ,0.01950 ,0.02499 ,
0,0.06990 ,0.10484 ,0.05868 ,0.08573 ,0.04974 ,0.03309 ,
0,0.05655 ,0.08399 ,0.04436 ,0.07338 ,0.03342 ,0.02883 ,
0,0.07023 ,0.09187 ,0.04718 ,0.08303 ,0.04674 ,0.05135 ,
0,0.07886 ,0.09349 ,0.05828 ,0.08621 ,0.05733 ,0.05742 ,
0,0.04170 ,0.06147 ,0.04235 ,0.04417 ,0.03065 ,0.03558 ,
0,0.03534 ,0.06669 ,0.03617 ,0.04102 ,0.01022 ,0.03220 ,
0,0.04495 ,0.06550 ,0.03560 ,0.03966 ,0.03180 ,0.03848 ,
0,0.04946 ,0.07449 ,0.05129 ,0.04760 ,0.02836 ,0.02867 ,
0,0.03418 ,0.10179 ,0.04312 ,0.04526 ,0.01569 ,0.01988 ,
0,0.04301 ,0.10006 ,0.03195 ,0.03970 ,0.01731 ,0.03338 ,
0,0.04016 ,0.10824 ,0.03428 ,0.04512 ,0.00944 ,0.01739 ,
0,0.03721 ,0.11372 ,0.04061 ,0.04266 ,0.01536 ,0.03015 ,
0,0.02721 ,0.07013 ,0.03364 ,0.03930 ,0.01413 ,0.01689 ,
0,0.02848 ,0.06766 ,0.03859 ,0.04669 ,0.00842 ,0.02027 ,
0,0.01714 ,0.07778 ,0.03087 ,0.02161 ,0.00442 ,0.02162 ,
0,0.02103 ,0.07493 ,0.04296 ,0.03243 ,0.00654 ,0.01504 ,
0,0.02611 ,0.07189 ,0.02561 ,0.02502 ,0.01642 ,0.02180 ,
0,0.02053 ,0.06729 ,0.03038 ,0.02568 ,0.00899 ,0.02051 ,
0,0.01568 ,0.06757 ,0.02855 ,0.01668 ,0.00825 ,0.01305 ,
0,0.02364 ,0.06821 ,0.03637 ,0.02169 ,0.01239 ,0.01708 ,
0,0.03553 ,0.06200 ,0.03865 ,0.05304 ,0.02057 ,0.01555 ,
0,0.04310 ,0.06348 ,0.04327 ,0.06151 ,0.01967 ,0.03136 ,
0,0.03092 ,0.05559 ,0.03400 ,0.04233 ,0.01678 ,0.01571 ,
0,0.03605 ,0.05712 ,0.04309 ,0.05370 ,0.02094 ,0.01682 ,
0,0.04842 ,0.07062 ,0.03405 ,0.06759 ,0.03147 ,0.02351 ,
0,0.05415 ,0.06721 ,0.03808 ,0.07137 ,0.03018 ,0.02452 ,
0,0.04721 ,0.06770 ,0.03300 ,0.05651 ,0.03507 ,0.04187 ,
0,0.04187 ,0.06144 ,0.03679 ,0.04436 ,0.02312 ,0.03834 ,
0,0.05802 ,0.16626 ,0.04842 ,0.06408 ,0.02751 ,0.03697 ,
0,0.06352 ,0.14284 ,0.04671 ,0.06723 ,0.03180 ,0.03927 ,
0,0.04606 ,0.13709 ,0.03428 ,0.04732 ,0.03154 ,0.04658 ,
0,0.04718 ,0.11991 ,0.04522 ,0.04633 ,0.02390 ,0.04438 ,
0,0.06305 ,0.09518 ,0.04875 ,0.07916 ,0.03940 ,0.04275 ,
0,0.07177 ,0.08879 ,0.05433 ,0.09025 ,0.03337 ,0.03233 ,
0,0.04966 ,0.08254 ,0.03406 ,0.05348 ,0.02517 ,0.04963 ,
0,0.05301 ,0.06755 ,0.05167 ,0.06434 ,0.02803 ,0.04318 ,
0,0.03823 ,0.06785 ,0.03755 ,0.04713 ,0.02483 ,0.02594 ,
0,0.04080 ,0.06720 ,0.04554 ,0.04443 ,0.01858 ,0.03130 ,
0,0.03583 ,0.06490 ,0.03829 ,0.03407 ,0.01431 ,0.03430 ,
0,0.02316 ,0.06799 ,0.03420 ,0.02282 ,0.02146 ,0.01724 ,
0,0.02857 ,0.12169 ,0.03485 ,0.03487 ,0.01107 ,0.01653 ,
0,0.03394 ,0.12103 ,0.03429 ,0.03919 ,0.00900 ,0.03636 ,
0,0.03076 ,0.11728 ,0.03177 ,0.02897 ,0.00547 ,0.02660 ,
0,0.02144 ,0.13165 ,0.03091 ,0.02602 ,0.01468 ,0.02770 ,
0,0.02347 ,0.02313 ,0.02074 ,0.02204 ,0.01305 ,0.01348 ,
0,0.03067 ,0.02305 ,0.03341 ,0.03207 ,0.03865 ,0.01023 ,
0,0.03168 ,0.02153 ,0.02426 ,0.02979 ,0.03979 ,0.02119 ,
0,0.03347 ,0.02164 ,0.02680 ,0.03356 ,0.03141 ,0.01473 ,
0,0.04576 ,0.03143 ,0.04063 ,0.04438 ,0.03455 ,0.03504 ,
0,0.04880 ,0.03042 ,0.03543 ,0.05061 ,0.04318 ,0.02231 ,
0,0.05573 ,0.03293 ,0.03858 ,0.06236 ,0.05770 ,0.02288 ,
0,0.04953 ,0.03435 ,0.04191 ,0.04936 ,0.04610 ,0.03206 ,
0,0.04623 ,0.03206 ,0.03493 ,0.04870 ,0.04099 ,0.03738 ,
0,0.05848 ,0.03260 ,0.04002 ,0.05887 ,0.05488 ,0.03018 ,
0,0.06152 ,0.03767 ,0.04709 ,0.06384 ,0.05835 ,0.03072 ,
0,0.05840 ,0.03373 ,0.05199 ,0.05968 ,0.05326 ,0.02418 ,
0,0.11387 ,0.03694 ,0.06275 ,0.12597 ,0.10684 ,0.05059 ,
0,0.11472 ,0.03184 ,0.05468 ,0.13325 ,0.12620 ,0.03727 ,
0,0.12032 ,0.04407 ,0.06084 ,0.13324 ,0.11607 ,0.04275 ,
0,0.12074 ,0.03342 ,0.06038 ,0.15460 ,0.10094 ,0.05219 ,
0,0.09552 ,0.03043 ,0.04778 ,0.10610 ,0.09609 ,0.03212 ,
0,0.11267 ,0.07682 ,0.05540 ,0.11253 ,0.13322 ,0.02488 ,
0,0.10636 ,0.03177 ,0.05181 ,0.10688 ,0.12348 ,0.04171 ,
0,0.10215 ,0.03563 ,0.05235 ,0.12401 ,0.09025 ,0.03153 ,
0,0.03659 ,0.02415 ,0.03014 ,0.05060 ,0.01915 ,0.02760 ,
0,0.04421 ,0.02371 ,0.03291 ,0.06670 ,0.03120 ,0.01038 ,
0,0.04129 ,0.02399 ,0.02549 ,0.05082 ,0.04499 ,0.04048 ,
0,0.05024 ,0.02405 ,0.03131 ,0.06360 ,0.04336 ,0.01276 ,
0,0.03097 ,0.01396 ,0.02053 ,0.02652 ,0.02978 ,0.02181 ,
0,0.03312 ,0.01512 ,0.02249 ,0.02822 ,0.04092 ,0.01617 ,
0,0.02964 ,0.01243 ,0.01528 ,0.02613 ,0.04461 ,0.01437 ,
0,0.03132 ,0.01219 ,0.02026 ,0.03877 ,0.03274 ,0.01173 ,
0,0.02617 ,0.02257 ,0.02054 ,0.01958 ,0.02438 ,0.02344 ,
0,0.02176 ,0.02481 ,0.02018 ,0.02431 ,0.02110 ,0.01590 ,
0,0.02882 ,0.02421 ,0.02125 ,0.02574 ,0.03321 ,0.01977 ,
0,0.03288 ,0.03838 ,0.01725 ,0.02898 ,0.03056 ,0.01993 ,
0,0.03734 ,0.03483 ,0.03838 ,0.03244 ,0.03048 ,0.03429 ,
0,0.04103 ,0.03201 ,0.03580 ,0.03524 ,0.04898 ,0.02335 ,
0,0.05500 ,0.03521 ,0.03910 ,0.04951 ,0.06058 ,0.03237 ,
0,0.04900 ,0.02951 ,0.03306 ,0.05487 ,0.04713 ,0.02652 ,
0,0.09796 ,0.03453 ,0.04474 ,0.10203 ,0.10787 ,0.03439 ,
0,0.10912 ,0.09029 ,0.05386 ,0.13163 ,0.09406 ,0.02858 ,
0,0.12238 ,0.03275 ,0.05594 ,0.12708 ,0.13223 ,0.04539 ,
0,0.11946 ,0.03765 ,0.05221 ,0.13819 ,0.12217 ,0.03124 ,
1,0.61198 ,0.43975 ,0.46260 ,0.54796 ,0.43366 ,0.45904 ,
1,0.67855 ,0.41238 ,0.46396 ,0.60942 ,0.45926 ,0.50157 ,
1,0.65464 ,0.34546 ,0.50462 ,0.53253 ,0.40936 ,0.52711 ,
1,0.72218 ,0.31977 ,0.36519 ,0.58252 ,0.49810 ,0.74311 ,
1,0.75621 ,0.59352 ,0.53943 ,0.62388 ,0.62328 ,0.61937 ,
1,0.64861 ,0.42005 ,0.41238 ,0.42693 ,0.46066 ,0.57107 ,
1,0.66845 ,0.46015 ,0.53056 ,0.67046 ,0.29952 ,0.51581 ,
1,0.75039 ,0.48537 ,0.57583 ,0.73345 ,0.34578 ,0.52538 ,
1,0.54310 ,0.46395 ,0.62953 ,0.62056 ,0.29012 ,0.30442 ,
1,0.54255 ,0.36641 ,0.52697 ,0.56751 ,0.31285 ,0.38315 ,
1,0.47924 ,0.38616 ,0.41047 ,0.51951 ,0.22870 ,0.36480 ,
1,0.48248 ,0.25444 ,0.38907 ,0.43876 ,0.31312 ,0.38873 ,
1,0.18704 ,0.07248 ,0.09197 ,0.08481 ,0.25669 ,0.13988 ,
1,0.18714 ,0.05946 ,0.08055 ,0.10564 ,0.22999 ,0.15834 ,
1,0.20502 ,0.04231 ,0.06094 ,0.13523 ,0.22994 ,0.17985 ,
1,0.20040 ,0.03650 ,0.06944 ,0.12575 ,0.16983 ,0.21208 ,
1,0.43730 ,0.25334 ,0.20608 ,0.21084 ,0.41427 ,0.44215 ,
1,0.47947 ,0.22336 ,0.17278 ,0.25106 ,0.45904 ,0.47673 ,
1,0.45865 ,0.20727 ,0.14546 ,0.18515 ,0.43544 ,0.49247 ,
1,0.42809 ,0.16493 ,0.15891 ,0.18547 ,0.27198 ,0.47182 ,
1,0.13762 ,0.03850 ,0.05010 ,0.06547 ,0.17560 ,0.09929 ,
1,0.12890 ,0.03648 ,0.04007 ,0.04904 ,0.16817 ,0.10178 ,
1,0.14668 ,0.04390 ,0.06784 ,0.07829 ,0.10499 ,0.15988 ,
1,0.16533 ,0.03469 ,0.05270 ,0.06514 ,0.14829 ,0.17846 ,
1,0.29609 ,0.45624 ,0.39771 ,0.18485 ,0.11836 ,0.08239 ,
1,0.32682 ,0.55183 ,0.50364 ,0.23645 ,0.14147 ,0.18197 ,
1,0.35007 ,0.57864 ,0.43255 ,0.23476 ,0.16448 ,0.14635 ,
1,0.33028 ,0.51660 ,0.37045 ,0.22634 ,0.12187 ,0.15222 ,
1,0.66081 ,0.15419 ,0.16867 ,0.33177 ,0.88442 ,0.38557 ,
1,0.63328 ,0.13545 ,0.16495 ,0.33089 ,0.76712 ,0.49087 ,
1,0.51147 ,0.12025 ,0.15920 ,0.34303 ,0.59850 ,0.38195 ,
1,0.39102 ,0.10937 ,0.14862 ,0.25725 ,0.40917 ,0.31828 ,
1,0.44099 ,0.22868 ,0.22703 ,0.32626 ,0.49426 ,0.28303 ,
1,0.44579 ,0.18600 ,0.18908 ,0.22099 ,0.42533 ,0.41692 ,
1,0.45040 ,0.16316 ,0.15652 ,0.18241 ,0.40705 ,0.49435 ,
1,0.46592 ,0.21039 ,0.17232 ,0.36323 ,0.50366 ,0.35058 ,
1,0.74715 ,0.75798 ,0.92718 ,0.87925 ,0.40728 ,0.31805 ,
1,0.75459 ,0.77182 ,1.00000 ,0.82073 ,0.51195 ,0.39757 ,
1,0.81021 ,0.80439 ,0.81593 ,0.99802 ,0.46768 ,0.32607 ,
1,0.76754 ,0.66524 ,0.88323 ,0.97458 ,0.37036 ,0.29885 ,
1,0.51490 ,0.43580 ,0.45465 ,0.41171 ,0.52544 ,0.32107 ,
1,0.55256 ,0.43296 ,0.42462 ,0.47953 ,0.49349 ,0.41129 ,
1,0.45596 ,0.47878 ,0.44515 ,0.40992 ,0.40740 ,0.23873 ,
1,0.45031 ,0.45410 ,0.42225 ,0.45189 ,0.39348 ,0.21542 ,
1,0.63855 ,0.22429 ,0.27368 ,0.33946 ,0.79032 ,0.46362 ,
1,0.77615 ,0.18208 ,0.19073 ,0.26932 ,0.86876 ,0.71029 ,
1,0.65398 ,0.24862 ,0.25196 ,0.33593 ,0.64594 ,0.68926 ,
1,0.60586 ,0.19723 ,0.24551 ,0.30749 ,0.56389 ,0.64584 ,
1,0.81515 ,0.45082 ,0.44176 ,0.58669 ,1.00000 ,0.37966 ,
1,0.79812 ,0.41971 ,0.45381 ,0.67831 ,0.82067 ,0.52016 ,
1,0.76004 ,0.34340 ,0.43509 ,0.62720 ,0.65889 ,0.64424 ,
1,0.65597 ,0.28274 ,0.26762 ,0.52331 ,0.70290 ,0.52274 ,
1,0.15754 ,0.04130 ,0.05589 ,0.08379 ,0.14806 ,0.15831 ,
1,0.14586 ,0.04737 ,0.05042 ,0.07089 ,0.13089 ,0.13762 ,
1,0.14272 ,0.08790 ,0.08956 ,0.06518 ,0.10278 ,0.14161 ,
1,0.21061 ,0.12303 ,0.13684 ,0.09719 ,0.09265 ,0.17807 ,
1,0.24569 ,0.08717 ,0.11315 ,0.15760 ,0.14281 ,0.16826 ,
1,0.26849 ,0.07851 ,0.09356 ,0.13186 ,0.17909 ,0.13420 ,
1,0.29050 ,0.04689 ,0.05994 ,0.13192 ,0.12547 ,0.14873 ,
1,0.29189 ,0.07254 ,0.07955 ,0.09657 ,0.13719 ,0.10206 ,
1,0.09453 ,0.01280 ,0.02282 ,0.00947 ,0.01079 ,0.07578 ,
1,0.11255 ,0.02251 ,0.03174 ,0.02894 ,0.02833 ,0.06986 ,
1,0.12001 ,0.01447 ,0.02219 ,0.02253 ,0.03235 ,0.09023 ,
1,0.12706 ,0.00697 ,0.01331 ,0.01601 ,0.02599 ,0.05458 ,
1,1.00000 ,1.00000 ,0.77515 ,0.68032 ,0.81209 ,0.91238 ,
1,0.70948 ,0.71628 ,0.51369 ,0.47570 ,0.48237 ,0.66189 ,
1,0.78302 ,0.75775 ,0.67191 ,0.77432 ,0.45623 ,0.55630 ,
1,0.82433 ,0.72352 ,0.65500 ,0.74626 ,0.45155 ,0.55967 ,
1,0.16646 ,0.13038 ,0.13250 ,0.11004 ,0.12126 ,0.11183 ,
1,0.20175 ,0.12777 ,0.13966 ,0.12911 ,0.09689 ,0.12259 ,
1,0.18257 ,0.10682 ,0.10399 ,0.08528 ,0.07085 ,0.10361 ,
1,0.15507 ,0.07090 ,0.04940 ,0.04472 ,0.09213 ,0.11929 ,
1,0.64277 ,0.18206 ,0.26342 ,0.32903 ,0.58842 ,0.68336 ,
1,0.64915 ,0.17281 ,0.26880 ,0.41828 ,0.46060 ,0.64822 ,
1,0.64338 ,0.13356 ,0.21487 ,0.36533 ,0.53533 ,0.67264 ,
1,0.58303 ,0.13220 ,0.22724 ,0.37453 ,0.55951 ,0.58615 ,
1,0.26669 ,0.20213 ,0.17695 ,0.20130 ,0.31934 ,0.17683 ,
1,0.28205 ,0.14958 ,0.13648 ,0.19244 ,0.34513 ,0.19954 ,
1,0.24757 ,0.12002 ,0.12264 ,0.17602 ,0.27766 ,0.20459 ,
1,0.16806 ,0.09840 ,0.09809 ,0.10588 ,0.19427 ,0.13689 ,
1,0.14503 ,0.04123 ,0.04887 ,0.05766 ,0.11754 ,0.17568 ,
1,0.14095 ,0.04403 ,0.04490 ,0.04770 ,0.10710 ,0.13468 ,
1,0.15723 ,0.05119 ,0.05157 ,0.08131 ,0.13034 ,0.15648 ,
1,0.12172 ,0.08429 ,0.08407 ,0.07097 ,0.06270 ,0.13950 ,
1,0.25570 ,0.15078 ,0.16129 ,0.20783 ,0.20306 ,0.26242 ,
1,0.26038 ,0.14144 ,0.17699 ,0.25870 ,0.17584 ,0.23094 ,
1,0.23562 ,0.10972 ,0.14826 ,0.19903 ,0.16420 ,0.23835 ,
1,0.21313 ,0.08744 ,0.13069 ,0.18026 ,0.14604 ,0.13875 ,
1,0.25105 ,0.12867 ,0.15564 ,0.16343 ,0.21716 ,0.27657 ,
1,0.28147 ,0.12053 ,0.19022 ,0.24235 ,0.17957 ,0.28960 ,
1,0.27188 ,0.10059 ,0.13133 ,0.19798 ,0.16939 ,0.31324 ,
1,0.29760 ,0.08886 ,0.16958 ,0.21354 ,0.14625 ,0.22951 ,
1,0.43548 ,0.34644 ,0.20707 ,0.32359 ,0.42640 ,0.30066 ,
1,0.44016 ,0.24557 ,0.19407 ,0.32213 ,0.38469 ,0.41567 ,
1,0.35164 ,0.15734 ,0.16094 ,0.21729 ,0.37428 ,0.28316 ,
1,0.33564 ,0.18697 ,0.16988 ,0.23060 ,0.32343 ,0.32551 ,
1,0.46721 ,0.21234 ,0.14884 ,0.18554 ,0.37216 ,0.46478 ,
1,0.46715 ,0.18963 ,0.20385 ,0.28320 ,0.28534 ,0.33155 ,
1,0.50850 ,0.24907 ,0.28472 ,0.32728 ,0.29766 ,0.43784 ,
1,0.54039 ,0.29934 ,0.35904 ,0.34102 ,0.33462 ,0.52819 ,
1,0.29303 ,0.06078 ,0.07125 ,0.13861 ,0.38133 ,0.21046 ,
1,0.31895 ,0.05545 ,0.10078 ,0.16818 ,0.40549 ,0.23232 ,
1,0.27130 ,0.04742 ,0.07081 ,0.14025 ,0.35173 ,0.18401 ,
1,0.26727 ,0.04772 ,0.06077 ,0.12687 ,0.33162 ,0.23134 ,
1,0.76567 ,0.47682 ,0.59886 ,0.76683 ,0.61858 ,0.40342 ,
1,0.71216 ,0.48115 ,0.60286 ,0.78007 ,0.47568 ,0.51262 ,
1,0.77524 ,0.40043 ,0.48419 ,0.66621 ,0.62229 ,0.68185 ,
1,0.75768 ,0.53159 ,0.58891 ,0.75775 ,0.46116 ,0.61021 ,
1,0.77487 ,0.21503 ,0.26698 ,0.38393 ,0.65175 ,0.88906 ,
1,0.65806 ,0.18249 ,0.21310 ,0.31430 ,0.44243 ,0.84441 ,
1,0.65044 ,0.16443 ,0.20252 ,0.27095 ,0.50162 ,0.83533 ,
1,0.56535 ,0.15877 ,0.20732 ,0.28414 ,0.55727 ,0.59767 ,
1,0.15866 ,0.08153 ,0.06341 ,0.07706 ,0.06604 ,0.12078 ,
1,0.23629 ,0.08043 ,0.05633 ,0.05964 ,0.07636 ,0.11578 ,
1,0.22345 ,0.13374 ,0.11639 ,0.12299 ,0.11380 ,0.15036 ,
1,0.28135 ,0.20110 ,0.17312 ,0.20185 ,0.14740 ,0.12487 ,
1,0.64660 ,0.54496 ,0.61323 ,0.57697 ,0.62508 ,0.31395 ,
1,0.70749 ,0.43308 ,0.46515 ,0.66452 ,0.66765 ,0.42420 ,
1,0.67373 ,0.36632 ,0.44519 ,0.57521 ,0.69076 ,0.37093 ,
1,0.56938 ,0.40104 ,0.46992 ,0.54393 ,0.46916 ,0.34312 ,
1,0.25824 ,0.11762 ,0.07254 ,0.14087 ,0.34511 ,0.18349 ,
1,0.33005 ,0.23185 ,0.15436 ,0.18544 ,0.41967 ,0.24473 ,
1,0.46062 ,0.25385 ,0.21700 ,0.22448 ,0.51183 ,0.44252 ,
1,0.42214 ,0.29610 ,0.21196 ,0.18496 ,0.41264 ,0.44890 ,
1,0.10064 ,0.05546 ,0.04458 ,0.05696 ,0.08458 ,0.08095 ,
1,0.11484 ,0.03034 ,0.02630 ,0.04993 ,0.09699 ,0.08952 ,
1,0.12795 ,0.05247 ,0.02972 ,0.04958 ,0.10324 ,0.13668 ,
1,0.11850 ,0.06998 ,0.03067 ,0.06532 ,0.09584 ,0.11598 ,
1,0.44003 ,0.06862 ,0.09242 ,0.15667 ,0.38338 ,0.57109 ,
1,0.49512 ,0.07710 ,0.09869 ,0.22823 ,0.49487 ,0.48762 ,
1,0.49127 ,0.07550 ,0.08049 ,0.18230 ,0.40195 ,0.56912 ,
1,0.48666 ,0.08433 ,0.10100 ,0.16791 ,0.36394 ,0.55859 ,
1,0.56968 ,0.52372 ,0.54180 ,0.46170 ,0.49933 ,0.37462 ,
1,0.49590 ,0.42622 ,0.35251 ,0.33874 ,0.46267 ,0.46718 ,
1,0.50287 ,0.51846 ,0.41531 ,0.40311 ,0.38520 ,0.46359 ,
1,0.50958 ,0.54533 ,0.39223 ,0.44788 ,0.38633 ,0.44380 ,
1,0.74044 ,0.71007 ,0.73235 ,0.76687 ,0.46810 ,0.37598 ,
1,0.71778 ,0.65972 ,0.69891 ,0.84965 ,0.40952 ,0.40972 ,
1,0.71608 ,0.56612 ,0.57947 ,0.77260 ,0.40822 ,0.50684 ,
1,0.78167 ,0.59965 ,0.64125 ,0.90338 ,0.39321 ,0.48795 ,
1,0.25672 ,0.03326 ,0.07288 ,0.13521 ,0.28907 ,0.23737 ,
1,0.29318 ,0.02128 ,0.06151 ,0.13162 ,0.36152 ,0.24227 ,
1,0.19217 ,0.02474 ,0.05427 ,0.10530 ,0.18080 ,0.19376 ,
1,0.19472 ,0.01691 ,0.04479 ,0.11705 ,0.19318 ,0.20415 ,
1,0.80195 ,0.60441 ,0.74225 ,0.81277 ,0.55381 ,0.49876 ,
1,0.85932 ,0.59219 ,0.70888 ,0.87827 ,0.46513 ,0.62258 ,
1,0.80631 ,0.55804 ,0.59509 ,0.73247 ,0.53234 ,0.58337 ,
1,0.86920 ,0.44779 ,0.50753 ,0.77591 ,0.62892 ,0.83423 ,
1,0.19287 ,0.02904 ,0.04851 ,0.09664 ,0.12038 ,0.17020 ,
1,0.20632 ,0.04254 ,0.07167 ,0.10571 ,0.17889 ,0.15203 ,
1,0.21728 ,0.05513 ,0.07662 ,0.12845 ,0.18542 ,0.19955 ,
1,0.21636 ,0.04195 ,0.07147 ,0.12803 ,0.13703 ,0.18101 ,
1,0.09263 ,0.02637 ,0.04366 ,0.04700 ,0.13211 ,0.06849 ,
1,0.10944 ,0.02516 ,0.03511 ,0.05321 ,0.14184 ,0.09442 ,
1,0.12460 ,0.01916 ,0.02879 ,0.05986 ,0.15237 ,0.12099 ,
1,0.13203 ,0.01989 ,0.03767 ,0.05783 ,0.12359 ,0.13694 ,
1,0.20306 ,0.17609 ,0.14127 ,0.13521 ,0.09601 ,0.11735 ,
1,0.28024 ,0.17269 ,0.15822 ,0.13339 ,0.08239 ,0.13816 ,
1,0.25538 ,0.14250 ,0.11218 ,0.09138 ,0.07896 ,0.17624 ,
1,0.27350 ,0.12709 ,0.12241 ,0.09759 ,0.07267 ,0.15598 ,
1,0.55214 ,0.29450 ,0.31465 ,0.38392 ,0.46223 ,0.43726 ,
1,0.66085 ,0.38296 ,0.35746 ,0.44679 ,0.38461 ,0.45648 ,
1,0.70134 ,0.45763 ,0.43448 ,0.49210 ,0.32486 ,0.54193 ,
1,0.46446 ,0.53357 ,0.46476 ,0.37058 ,0.15490 ,0.34204 ,
1,0.43840 ,0.24356 ,0.21361 ,0.27976 ,0.55269 ,0.27314 ,
1,0.42964 ,0.21161 ,0.20235 ,0.30730 ,0.50654 ,0.29343 ,
1,0.45052 ,0.18806 ,0.20968 ,0.32495 ,0.49011 ,0.35418 ,
1,0.46337 ,0.16225 ,0.15527 ,0.29170 ,0.44411 ,0.41691 ,
1,0.10609 ,0.05796 ,0.02558 ,0.03394 ,0.12046 ,0.09544 ,
1,0.13119 ,0.04183 ,0.03059 ,0.04782 ,0.12791 ,0.14802 ,
1,0.13317 ,0.03848 ,0.02296 ,0.04022 ,0.13989 ,0.15172 ,
1,0.11026 ,0.04121 ,0.03745 ,0.04853 ,0.10111 ,0.12698 ,
1,0.56149 ,0.13612 ,0.19425 ,0.30736 ,0.48459 ,0.64880 ,
1,0.52433 ,0.12118 ,0.16352 ,0.29699 ,0.48546 ,0.54697 ,
1,0.54646 ,0.11544 ,0.18601 ,0.31039 ,0.50309 ,0.60154 ,
1,0.48054 ,0.11248 ,0.16007 ,0.29570 ,0.47204 ,0.49725 ,
1,0.20064 ,0.10841 ,0.14401 ,0.12326 ,0.06806 ,0.12487 ,
1,0.24458 ,0.11360 ,0.12561 ,0.13074 ,0.05670 ,0.16404 ,
1,0.26824 ,0.08150 ,0.08584 ,0.08216 ,0.09570 ,0.15742 ,
1,0.25777 ,0.07924 ,0.07362 ,0.06957 ,0.05884 ,0.17771 ,
1,0.41026 ,0.12740 ,0.16562 ,0.23970 ,0.39817 ,0.44019 ,
1,0.31213 ,0.10389 ,0.11422 ,0.21168 ,0.30757 ,0.27859 ,
1,0.37658 ,0.11105 ,0.12697 ,0.25518 ,0.39286 ,0.33232 ,
1,0.38399 ,0.12713 ,0.16988 ,0.20939 ,0.42722 ,0.34164 ,
1,0.83475 ,0.81771 ,0.93779 ,0.91993 ,0.47299 ,0.45750 ,
1,0.83040 ,0.86145 ,0.94038 ,0.87639 ,0.53706 ,0.49693 ,
1,0.85061 ,0.81924 ,0.84012 ,0.97716 ,0.51326 ,0.44695 ,
1,0.83656 ,0.63362 ,0.84282 ,1.00000 ,0.45556 ,0.43616 ,
1,0.37652 ,0.12153 ,0.11965 ,0.18035 ,0.35123 ,0.44497 ,
1,0.28881 ,0.09583 ,0.09472 ,0.15956 ,0.28823 ,0.28816 ,
1,0.33058 ,0.10022 ,0.10140 ,0.17599 ,0.35802 ,0.31646 ,
1,0.29556 ,0.09819 ,0.09679 ,0.14547 ,0.32563 ,0.27986 ,
1,0.71069 ,0.74213 ,0.75987 ,0.68504 ,0.63354 ,0.34026 ,
1,0.75451 ,0.49669 ,0.54779 ,0.68533 ,0.79282 ,0.32671 ,
1,0.68962 ,0.43823 ,0.50791 ,0.61449 ,0.62164 ,0.42361 ,
1,0.60676 ,0.47487 ,0.41600 ,0.54776 ,0.49721 ,0.36833 ,
1,0.39156 ,0.14113 ,0.13588 ,0.28984 ,0.47189 ,0.24406 ,
1,0.41041 ,0.10584 ,0.15327 ,0.30649 ,0.48630 ,0.26813 ,
1,0.35379 ,0.11181 ,0.17254 ,0.21928 ,0.43384 ,0.24824 ,
1,0.26141 ,0.10824 ,0.12405 ,0.19709 ,0.22447 ,0.26485 ,
1,0.12735 ,0.03815 ,0.04178 ,0.05877 ,0.11791 ,0.12563 ,
1,0.12558 ,0.07194 ,0.08056 ,0.04606 ,0.12267 ,0.10629 ,
1,0.13960 ,0.10800 ,0.08977 ,0.07677 ,0.07524 ,0.16330 ,
1,0.20126 ,0.08961 ,0.11794 ,0.07892 ,0.10362 ,0.20761 ,
1,0.34253 ,0.36556 ,0.36887 ,0.36148 ,0.22204 ,0.24276 ,
1,0.36278 ,0.33466 ,0.36429 ,0.32429 ,0.21835 ,0.33849 ,
1,0.30875 ,0.26311 ,0.36312 ,0.29370 ,0.16118 ,0.25947 ,
1,0.30511 ,0.23308 ,0.26207 ,0.29330 ,0.17759 ,0.23036 ,
1,0.28729 ,0.16000 ,0.13800 ,0.18423 ,0.14450 ,0.18495 ,
1,0.34138 ,0.15621 ,0.15331 ,0.15084 ,0.18957 ,0.18773 ,
1,0.27948 ,0.18945 ,0.17944 ,0.16867 ,0.10620 ,0.20597 ,
1,0.28991 ,0.24020 ,0.19660 ,0.15163 ,0.17366 ,0.19721 ,
1,0.35354 ,0.14359 ,0.21527 ,0.38652 ,0.34119 ,0.15411 ,
1,0.34146 ,0.10996 ,0.14999 ,0.30881 ,0.38320 ,0.22322 ,
1,0.29881 ,0.09227 ,0.11863 ,0.25309 ,0.30674 ,0.25816 ,
1,0.32749 ,0.07341 ,0.09255 ,0.21709 ,0.36185 ,0.26062 ,
1,0.16717 ,0.06289 ,0.05374 ,0.06734 ,0.16381 ,0.16976 ,
1,0.17645 ,0.03918 ,0.04395 ,0.06077 ,0.17426 ,0.14363 ,
1,0.16410 ,0.04689 ,0.04983 ,0.06314 ,0.11200 ,0.19464 ,
1,0.18027 ,0.03859 ,0.04218 ,0.06518 ,0.17198 ,0.19636 ,
1,0.17589 ,0.08376 ,0.06682 ,0.11895 ,0.17289 ,0.14290 ,
1,0.19303 ,0.08699 ,0.08915 ,0.10710 ,0.19109 ,0.13890 ,
1,0.20841 ,0.11692 ,0.08216 ,0.10928 ,0.18166 ,0.19620 ,
1,0.20370 ,0.12497 ,0.11516 ,0.13200 ,0.15922 ,0.17696 ,
1,0.32179 ,0.13441 ,0.11629 ,0.16530 ,0.42850 ,0.22977 ,
1,0.33977 ,0.11962 ,0.12210 ,0.21289 ,0.41427 ,0.26713 ,
1,0.38879 ,0.10695 ,0.12052 ,0.26352 ,0.42253 ,0.34744 ,
1,0.38648 ,0.10457 ,0.11964 ,0.26413 ,0.37476 ,0.35723 ,
1,0.43261 ,0.14621 ,0.18076 ,0.19541 ,0.37701 ,0.51399 ,
1,0.44210 ,0.13481 ,0.20016 ,0.25284 ,0.39529 ,0.38701 ,
1,0.43336 ,0.11789 ,0.17150 ,0.19654 ,0.33292 ,0.49332 ,
1,0.36238 ,0.09141 ,0.12834 ,0.18200 ,0.32194 ,0.39859 ,
1,0.95109 ,0.27815 ,0.37309 ,0.49314 ,0.86956 ,0.84557 ,
1,0.88371 ,0.26420 ,0.35076 ,0.49399 ,0.72823 ,1.00000 ,
1,0.84311 ,0.18751 ,0.27508 ,0.51175 ,0.69265 ,0.94026 ,
1,0.78076 ,0.23284 ,0.30592 ,0.49910 ,0.69893 ,0.81801 ,
1,0.61944 ,0.29334 ,0.45545 ,0.33475 ,0.34816 ,0.44968 ,
1,0.70404 ,0.38570 ,0.43509 ,0.51999 ,0.43395 ,0.42932 ,
1,0.67592 ,0.33226 ,0.40700 ,0.50876 ,0.42392 ,0.45581 ,
1,0.75526 ,0.29293 ,0.37200 ,0.47440 ,0.39695 ,0.56985 ,
1,0.39399 ,0.24433 ,0.27744 ,0.43769 ,0.36441 ,0.14113 ,
1,0.30937 ,0.25672 ,0.22572 ,0.30924 ,0.30198 ,0.14937 ,
1,0.28983 ,0.24278 ,0.19046 ,0.26478 ,0.29852 ,0.17216 ,
1,0.31869 ,0.25048 ,0.23150 ,0.26924 ,0.27176 ,0.23362 ,
1,0.45782 ,0.22793 ,0.22514 ,0.24430 ,0.50522 ,0.40095 ,
1,0.35302 ,0.23850 ,0.20967 ,0.18244 ,0.35106 ,0.33533 ,
1,0.35873 ,0.20118 ,0.16625 ,0.20051 ,0.35462 ,0.32909 ,
1,0.39175 ,0.18986 ,0.16195 ,0.25389 ,0.29218 ,0.33329 ,
1,0.13471 ,0.02847 ,0.05101 ,0.08436 ,0.15856 ,0.11973 ,
1,0.16909 ,0.02806 ,0.04675 ,0.09256 ,0.21947 ,0.13014 ,
1,0.13154 ,0.03738 ,0.05234 ,0.08590 ,0.14638 ,0.10112 ,
1,0.13820 ,0.02753 ,0.04533 ,0.10068 ,0.13132 ,0.13227 ,
1,0.16903 ,0.04922 ,0.06170 ,0.08904 ,0.15406 ,0.16139 ,
1,0.15981 ,0.03703 ,0.04784 ,0.07259 ,0.13267 ,0.15004 ,
1,0.14648 ,0.06458 ,0.07527 ,0.08279 ,0.11172 ,0.13480 ,
1,0.14459 ,0.09804 ,0.11028 ,0.09218 ,0.09850 ,0.13576 ,
1,0.48670 ,0.16162 ,0.17893 ,0.21937 ,0.30812 ,0.48489 ,
1,0.52300 ,0.14326 ,0.13810 ,0.18382 ,0.30064 ,0.47487 ,
1,0.53826 ,0.13959 ,0.17296 ,0.23984 ,0.39366 ,0.51944 ,
1,0.52258 ,0.10502 ,0.10634 ,0.19165 ,0.33049 ,0.42368 ,
1,0.36864 ,0.19202 ,0.13628 ,0.16813 ,0.32304 ,0.40774 ,
1,0.37430 ,0.16347 ,0.13901 ,0.20634 ,0.34652 ,0.40693 ,
1,0.38060 ,0.17812 ,0.15723 ,0.21467 ,0.34458 ,0.38513 ,
1,0.39200 ,0.19430 ,0.16970 ,0.21578 ,0.32152 ,0.39207 ,
1,0.75698 ,0.36245 ,0.33002 ,0.49369 ,0.75785 ,0.64517 ,
1,0.76824 ,0.26905 ,0.33656 ,0.52083 ,0.69447 ,0.76491 ,
1,0.62506 ,0.27543 ,0.25817 ,0.38567 ,0.57955 ,0.58740 ,
1,0.56302 ,0.26394 ,0.26344 ,0.33332 ,0.46934 ,0.41967 ,
1,0.82730 ,0.75142 ,0.74238 ,0.80339 ,0.73566 ,0.45648 ,
1,0.87133 ,0.57321 ,0.68545 ,0.78364 ,0.89685 ,0.42554 ,
1,0.75198 ,0.44479 ,0.49808 ,0.69007 ,0.72142 ,0.40736 ,
1,0.66804 ,0.41097 ,0.40773 ,0.56023 ,0.52941 ,0.44726 ,
1,0.28254 ,0.14168 ,0.13808 ,0.15455 ,0.18160 ,0.20604 ,
1,0.33223 ,0.15138 ,0.16188 ,0.17287 ,0.15469 ,0.18300 ,
1,0.29399 ,0.16760 ,0.17853 ,0.19650 ,0.17086 ,0.20045 ,
1,0.30438 ,0.18526 ,0.20153 ,0.21445 ,0.15051 ,0.12146 ,
1,0.27080 ,0.04917 ,0.06122 ,0.12701 ,0.34320 ,0.23333 ,
1,0.28512 ,0.05966 ,0.08187 ,0.12675 ,0.36734 ,0.22643 ,
1,0.19578 ,0.04718 ,0.06802 ,0.09784 ,0.23966 ,0.18670 ,
1,0.17682 ,0.03748 ,0.04740 ,0.08020 ,0.19827 ,0.18376 ,
1,0.15121 ,0.04868 ,0.04065 ,0.09188 ,0.12471 ,0.11081 ,
1,0.15200 ,0.06453 ,0.04949 ,0.05685 ,0.14350 ,0.10098 ,
1,0.15197 ,0.09529 ,0.06276 ,0.06283 ,0.09338 ,0.10887 ,
1,0.25151 ,0.07894 ,0.08091 ,0.07802 ,0.09525 ,0.10021 ,
1,0.34914 ,0.17957 ,0.21619 ,0.17728 ,0.45265 ,0.22991 ,
1,0.35236 ,0.19871 ,0.17987 ,0.18417 ,0.44761 ,0.28130 ,
1,0.32168 ,0.23035 ,0.17507 ,0.19811 ,0.34101 ,0.29054 ,
1,0.31051 ,0.23436 ,0.16668 ,0.18621 ,0.29431 ,0.32231 ,
1,0.41531 ,0.10783 ,0.12757 ,0.20062 ,0.33939 ,0.46990 ,
1,0.47934 ,0.09145 ,0.13357 ,0.22738 ,0.36887 ,0.48094 ,
1,0.44521 ,0.07177 ,0.11014 ,0.20864 ,0.36532 ,0.45625 ,
1,0.41056 ,0.08048 ,0.14649 ,0.21225 ,0.37003 ,0.42848 ,
1,0.08789 ,0.07064 ,0.08119 ,0.06165 ,0.03953 ,0.06699 ,
1,0.12463 ,0.07437 ,0.08347 ,0.08078 ,0.06204 ,0.06590 ,
1,0.13225 ,0.08885 ,0.08808 ,0.07276 ,0.05222 ,0.05992 ,
1,0.13315 ,0.08160 ,0.09131 ,0.05647 ,0.05454 ,0.07790 ,
1,0.28217 ,0.04659 ,0.08180 ,0.15128 ,0.33206 ,0.25886 ,
1,0.30969 ,0.03782 ,0.06710 ,0.15896 ,0.38436 ,0.26511 ,
1,0.20846 ,0.04103 ,0.04970 ,0.09694 ,0.25616 ,0.16100 ,
1,0.19391 ,0.02781 ,0.04524 ,0.08801 ,0.22125 ,0.18950 ,
1,0.70634 ,0.61636 ,0.78049 ,0.80662 ,0.40835 ,0.33802 ,
1,0.72314 ,0.56334 ,0.72799 ,0.77299 ,0.43598 ,0.42934 ,
1,0.66198 ,0.52374 ,0.62809 ,0.69446 ,0.35168 ,0.45939 ,
1,0.66346 ,0.36320 ,0.55474 ,0.61029 ,0.46100 ,0.50932 ,
1,0.14099 ,0.04335 ,0.05738 ,0.06825 ,0.13889 ,0.12722 ,
1,0.12677 ,0.02858 ,0.03426 ,0.06055 ,0.10177 ,0.11035 ,
1,0.11466 ,0.04461 ,0.05515 ,0.07467 ,0.08902 ,0.11945 ,
1,0.12180 ,0.05526 ,0.06629 ,0.08821 ,0.10454 ,0.09765 ,
1,0.17079 ,0.06995 ,0.07837 ,0.11718 ,0.15425 ,0.16273 ,
1,0.16054 ,0.07370 ,0.08125 ,0.10454 ,0.14543 ,0.14533 ,
1,0.13496 ,0.08661 ,0.09811 ,0.09890 ,0.12482 ,0.11537 ,
1,0.12376 ,0.10335 ,0.11442 ,0.11084 ,0.09545 ,0.09977 ,
1,0.76562 ,0.33298 ,0.48739 ,0.49157 ,0.65373 ,0.60810 ,
1,0.72506 ,0.33120 ,0.45301 ,0.56109 ,0.76158 ,0.44473 ,
1,0.73599 ,0.23083 ,0.36592 ,0.56766 ,0.70473 ,0.61078 ,
1,0.64340 ,0.26850 ,0.32618 ,0.55597 ,0.59830 ,0.46652 ,
1,0.68159 ,0.19644 ,0.21718 ,0.38961 ,0.88205 ,0.43971 ,
1,0.79398 ,0.15156 ,0.23821 ,0.47850 ,0.94695 ,0.58449 ,
1,0.77694 ,0.13640 ,0.22069 ,0.43903 ,0.90514 ,0.64754 ,
1,0.65015 ,0.10646 ,0.16962 ,0.38925 ,0.58092 ,0.61041 ,
1,0.62415 ,0.36467 ,0.33523 ,0.42516 ,0.42155 ,0.58908 ,
1,0.62682 ,0.37801 ,0.28850 ,0.37628 ,0.41597 ,0.48517 ,
1,0.59620 ,0.45740 ,0.32029 ,0.33223 ,0.33142 ,0.59650 ,
1,0.66984 ,0.49345 ,0.42354 ,0.33762 ,0.30215 ,0.53203 ,
1,0.62821 ,0.23615 ,0.31486 ,0.33920 ,0.83824 ,0.34319 ,
1,0.64729 ,0.25646 ,0.29497 ,0.43113 ,0.75179 ,0.43444 ,
1,0.48319 ,0.14736 ,0.16106 ,0.27604 ,0.45426 ,0.50977 ,
1,0.40272 ,0.15133 ,0.10753 ,0.22644 ,0.44629 ,0.37501 ,
1,0.08563 ,0.09653 ,0.08734 ,0.06131 ,0.10487 ,0.06287 ,
1,0.09262 ,0.08518 ,0.07572 ,0.08068 ,0.09312 ,0.07131 ,
1,0.10449 ,0.06186 ,0.06575 ,0.09708 ,0.11016 ,0.07536 ,
1,0.11399 ,0.05556 ,0.05796 ,0.10523 ,0.09179 ,0.08439 ,
1,0.16066 ,0.05827 ,0.08879 ,0.06730 ,0.09604 ,0.13965 ,
1,0.16773 ,0.06848 ,0.07729 ,0.06000 ,0.06740 ,0.08137 ,
1,0.17292 ,0.06770 ,0.06050 ,0.03188 ,0.05273 ,0.10167 ,
1,0.15956 ,0.08322 ,0.07440 ,0.04136 ,0.04473 ,0.08379 ,
1,0.63176 ,0.54121 ,0.52881 ,0.60350 ,0.43234 ,0.46473 ,
1,0.61767 ,0.55289 ,0.53896 ,0.57111 ,0.42680 ,0.50264 ,
1,0.61124 ,0.50934 ,0.52255 ,0.58484 ,0.43487 ,0.46561 ,
1,0.62281 ,0.44170 ,0.51663 ,0.68236 ,0.40035 ,0.42135 ,
1,0.24400 ,0.27175 ,0.25538 ,0.23762 ,0.23022 ,0.11640 ,
1,0.22533 ,0.25918 ,0.24047 ,0.22447 ,0.20901 ,0.08706 ,
1,0.21294 ,0.24360 ,0.22972 ,0.21975 ,0.18028 ,0.09818 ,
1,0.19969 ,0.19548 ,0.20393 ,0.19364 ,0.18304 ,0.06595 ,
1,0.46257 ,0.07003 ,0.09430 ,0.15416 ,0.41527 ,0.58556 ,
1,0.50645 ,0.07289 ,0.11060 ,0.24912 ,0.49835 ,0.49099 ,
1,0.53254 ,0.08154 ,0.09411 ,0.21110 ,0.42954 ,0.61371 ,
1,0.54991 ,0.09395 ,0.10915 ,0.19540 ,0.41576 ,0.62666 ,
1,0.25069 ,0.04690 ,0.08057 ,0.14284 ,0.30499 ,0.21287 ,
1,0.27421 ,0.04447 ,0.07086 ,0.14736 ,0.34748 ,0.22014 ,
1,0.21065 ,0.04653 ,0.05891 ,0.09431 ,0.27474 ,0.14574 ,
1,0.18540 ,0.03069 ,0.04717 ,0.09476 ,0.19913 ,0.19147 ,
1,0.18163 ,0.13554 ,0.09799 ,0.09354 ,0.06259 ,0.12287 ,
1,0.25816 ,0.09205 ,0.06399 ,0.07527 ,0.06970 ,0.13057 ,
1,0.22806 ,0.10784 ,0.06893 ,0.09065 ,0.07599 ,0.16571 ,
1,0.27451 ,0.15514 ,0.12241 ,0.14960 ,0.11531 ,0.12816 ,
1,0.36629 ,0.62666 ,0.33399 ,0.35278 ,0.26272 ,0.21259 ,
1,0.37497 ,0.74735 ,0.33884 ,0.39876 ,0.26447 ,0.22541 ,
1,0.33759 ,0.73296 ,0.30959 ,0.35225 ,0.25747 ,0.16066 ,
1,0.37194 ,0.63953 ,0.35297 ,0.33834 ,0.21525 ,0.26765 ,
1,0.63401 ,0.25079 ,0.26307 ,0.31778 ,0.47304 ,0.77709 ,
1,0.60932 ,0.44083 ,0.35972 ,0.26665 ,0.55483 ,0.67670 ,
1,0.54664 ,0.38073 ,0.45154 ,0.37060 ,0.42175 ,0.56976 ,
1,0.49800 ,0.33250 ,0.32650 ,0.31975 ,0.35506 ,0.59027 ,
1,0.36185 ,0.15118 ,0.20618 ,0.25550 ,0.26744 ,0.37862 ,
1,0.37035 ,0.13412 ,0.17900 ,0.22412 ,0.31132 ,0.39030 ,
1,0.33977 ,0.14469 ,0.15541 ,0.19897 ,0.21741 ,0.41008 ,
1,0.32789 ,0.11466 ,0.16314 ,0.22354 ,0.28526 ,0.32513 ,
1,0.62222 ,0.38112 ,0.37360 ,0.42031 ,0.34615 ,0.45950 ,
1,0.70211 ,0.41913 ,0.51594 ,0.54673 ,0.38133 ,0.51314 ,
1,0.67158 ,0.33154 ,0.37314 ,0.47784 ,0.41046 ,0.53798 ,
1,0.76131 ,0.30322 ,0.34966 ,0.45536 ,0.41066 ,0.62606 ,
1,0.36816 ,0.18548 ,0.17216 ,0.22923 ,0.46997 ,0.23580 ,
1,0.38151 ,0.16610 ,0.16908 ,0.27912 ,0.44466 ,0.26634 ,
1,0.42706 ,0.14851 ,0.17688 ,0.30885 ,0.46438 ,0.34127 ,
1,0.42787 ,0.12214 ,0.13012 ,0.26308 ,0.41602 ,0.39230 ,
1,0.29778 ,0.18188 ,0.15524 ,0.26120 ,0.34012 ,0.18760 ,
1,0.30162 ,0.19047 ,0.15738 ,0.21973 ,0.37198 ,0.20574 ,
1,0.29583 ,0.12856 ,0.15277 ,0.26188 ,0.30752 ,0.21601 ,
1,0.27497 ,0.12762 ,0.13519 ,0.17807 ,0.30871 ,0.21424 ,
1,0.10828 ,0.02740 ,0.04705 ,0.05054 ,0.11904 ,0.10066 ,
1,0.14141 ,0.02214 ,0.03032 ,0.06844 ,0.17233 ,0.12113 ,
1,0.10529 ,0.01859 ,0.03435 ,0.06118 ,0.12165 ,0.08172 ,
1,0.11808 ,0.01548 ,0.03732 ,0.06173 ,0.12254 ,0.11369 ,
1,0.61596 ,0.14893 ,0.22156 ,0.35823 ,0.79161 ,0.43062 ,
1,0.79519 ,0.14714 ,0.25383 ,0.46037 ,0.99351 ,0.57998 ,
1,0.85434 ,0.17517 ,0.25653 ,0.48546 ,0.96615 ,0.78051 ,
1,0.82591 ,0.15477 ,0.25155 ,0.45841 ,0.88875 ,0.75989 ,
1,0.41952 ,0.12851 ,0.16918 ,0.31876 ,0.50487 ,0.25625 ,
1,0.38620 ,0.10998 ,0.12523 ,0.26788 ,0.47622 ,0.26553 ,
1,0.37127 ,0.12296 ,0.14637 ,0.26870 ,0.40819 ,0.30199 ,
1,0.39531 ,0.12627 ,0.12150 ,0.23782 ,0.39425 ,0.36403 ,
1,0.53334 ,0.37113 ,0.40535 ,0.48674 ,0.53951 ,0.24373 ,
1,0.56834 ,0.43172 ,0.52348 ,0.53447 ,0.50201 ,0.32882 ,
1,0.49105 ,0.33189 ,0.33998 ,0.46994 ,0.42373 ,0.28578 ,
1,0.49214 ,0.36638 ,0.31595 ,0.41742 ,0.43857 ,0.39636 ,
1,0.36844 ,0.13601 ,0.16814 ,0.24365 ,0.40488 ,0.28865 ,
1,0.39193 ,0.13082 ,0.13374 ,0.21527 ,0.42084 ,0.35529 ,
1,0.29161 ,0.14115 ,0.11090 ,0.18757 ,0.30974 ,0.28376 ,
1,0.30863 ,0.14062 ,0.13752 ,0.18751 ,0.32171 ,0.29507 ,
