0,0.52339 ,0.88649 ,0.89132 ,0.73814 ,,
0,0.51625 ,0.96960 ,0.82421 ,0.75704 ,,
0,0.50164 ,0.93919 ,0.81678 ,0.55046 ,,
0,0.53482 ,0.95055 ,0.88226 ,0.75362 ,,
0,0.49945 ,0.92059 ,0.82057 ,0.69114 ,,
0,0.53322 ,0.91119 ,0.79366 ,0.57308 ,,
0,0.51819 ,0.94084 ,0.76030 ,0.63972 ,,
0,0.45477 ,0.92189 ,0.82117 ,0.56173 ,,
0,0.47115 ,0.92139 ,0.71716 ,0.58645 ,,
0,0.47610 ,0.88984 ,0.74310 ,0.63490 ,,
0,0.50021 ,0.92569 ,0.81211 ,0.63669 ,,
0,0.44477 ,0.91764 ,0.88460 ,0.64643 ,,
0,0.47644 ,0.91229 ,0.75682 ,0.62100 ,,
0,0.46753 ,0.89374 ,0.86647 ,0.73643 ,,
0,0.49257 ,0.92749 ,0.68748 ,0.59316 ,,
0,0.44620 ,0.87189 ,0.86382 ,0.54112 ,,
0,0.43486 ,0.92649 ,0.93798 ,0.58479 ,,
0,0.46787 ,0.89844 ,0.78401 ,0.56918 ,,
0,0.50290 ,0.94649 ,0.75840 ,0.55989 ,,
0,0.47728 ,0.97025 ,0.79529 ,0.68794 ,,
0,0.55540 ,0.91434 ,0.85275 ,0.55502 ,,
0,0.58270 ,0.89974 ,0.89566 ,0.61942 ,,
0,0.66098 ,0.93509 ,0.88850 ,0.67847 ,,
0,0.54238 ,0.86344 ,0.90212 ,0.64130 ,,
0,0.39588 ,0.96610 ,0.87841 ,0.58992 ,,
0,0.40328 ,0.98490 ,0.80180 ,0.60210 ,,
0,0.39765 ,0.94809 ,0.79524 ,0.63814 ,,
0,0.39866 ,0.96530 ,0.84477 ,0.59040 ,,
0,0.51264 ,0.90014 ,0.73148 ,0.63012 ,,
0,0.49307 ,0.88024 ,0.80354 ,0.61000 ,,
0,0.55145 ,0.88739 ,0.72763 ,0.65879 ,,
0,0.48299 ,0.92814 ,0.82475 ,0.63459 ,,
0,0.45981 ,0.95005 ,0.91308 ,0.53858 ,,
0,0.44502 ,0.92259 ,0.85600 ,0.59329 ,,
0,0.41193 ,0.91924 ,0.82850 ,0.78189 ,,
0,0.45090 ,0.97415 ,0.86034 ,0.59088 ,,
0,0.47980 ,0.90834 ,0.86170 ,0.62486 ,,
0,0.45594 ,0.92274 ,0.85259 ,0.45318 ,,
0,0.44234 ,0.92174 ,0.81320 ,0.53520 ,,
0,0.42923 ,0.89654 ,0.90098 ,0.51087 ,,
0,0.43864 ,0.87554 ,0.88801 ,0.52534 ,,
0,0.44082 ,0.97630 ,0.83077 ,0.49500 ,,
0,0.45073 ,0.89494 ,0.91802 ,0.56225 ,,
0,0.42957 ,0.95700 ,0.81873 ,0.56730 ,,
0,0.54423 ,0.90004 ,0.78558 ,0.60614 ,,
0,0.52986 ,0.87729 ,0.73604 ,0.67918 ,,
0,0.63083 ,0.84098 ,0.71174 ,0.70890 ,,
0,0.59563 ,0.86664 ,0.71353 ,0.82087 ,,
0,0.50256 ,0.86454 ,0.87798 ,0.61346 ,,
0,0.51365 ,0.91589 ,0.76295 ,0.64796 ,,
0,0.55262 ,0.84838 ,0.81390 ,0.72477 ,,
0,0.50584 ,0.82423 ,0.81059 ,0.63222 ,,
0,0.44343 ,0.84743 ,0.79155 ,0.51872 ,,
0,0.43654 ,0.86114 ,0.79279 ,0.57602 ,,
0,0.47593 ,0.88149 ,0.79724 ,0.50153 ,,
0,0.43587 ,0.88564 ,0.91004 ,0.57221 ,,
0,0.41882 ,0.89189 ,0.89621 ,0.54879 ,,
0,0.43276 ,0.90419 ,0.80685 ,0.52113 ,,
0,0.46695 ,0.81653 ,0.77749 ,0.68488 ,,
0,0.43965 ,0.88794 ,0.76165 ,0.49478 ,,
0,0.61243 ,0.94024 ,0.81726 ,0.74196 ,,
0,0.55010 ,0.91999 ,0.81195 ,0.54796 ,,
0,0.59286 ,0.93189 ,0.77299 ,0.74095 ,,
0,0.55926 ,0.90204 ,0.82725 ,0.81100 ,,
0,0.42856 ,0.90819 ,0.84407 ,0.39101 ,,
0,0.40596 ,0.88144 ,0.87049 ,0.48610 ,,
0,0.46165 ,0.81393 ,0.83018 ,0.58299 ,,
0,0.44225 ,0.88664 ,0.84244 ,0.57431 ,,
0,0.58018 ,0.84033 ,0.64902 ,0.66620 ,,
0,0.58076 ,0.79118 ,0.59091 ,0.65199 ,,
0,0.67652 ,0.77718 ,0.64180 ,0.66388 ,,
0,0.63268 ,0.81663 ,0.57761 ,0.77843 ,,
0,0.41856 ,0.91964 ,0.86279 ,0.58566 ,,
0,0.40588 ,0.95845 ,0.82475 ,0.57843 ,,
0,0.36581 ,0.95460 ,0.71456 ,0.65585 ,,
0,0.44738 ,0.95580 ,0.77983 ,0.57001 ,,
0,0.43360 ,0.95415 ,0.83441 ,0.64980 ,,
0,0.43175 ,0.97200 ,0.76778 ,0.64980 ,,
0,0.44696 ,0.96655 ,0.78851 ,0.56537 ,,
0,0.47593 ,0.96090 ,0.76154 ,0.89053 ,,
0,0.49660 ,0.92024 ,0.76512 ,0.75936 ,,
0,0.48677 ,0.96120 ,0.87228 ,0.67532 ,,
0,0.42990 ,0.92074 ,0.80310 ,0.50881 ,,
0,0.51676 ,0.95400 ,0.70002 ,0.78089 ,,
0,0.46359 ,0.91909 ,0.76778 ,0.66493 ,,
0,0.40815 ,0.90384 ,0.69513 ,0.67720 ,,
0,0.41764 ,0.90809 ,0.70441 ,0.72306 ,,
0,0.47635 ,0.90049 ,0.83712 ,0.71285 ,,
0,0.45829 ,0.98795 ,0.71054 ,0.64498 ,,
0,0.44704 ,0.89739 ,0.78238 ,0.67865 ,,
0,0.46140 ,0.95875 ,0.68472 ,0.77790 ,,
0,0.50525 ,0.97515 ,0.65325 ,0.75704 ,,
0,0.44561 ,0.83153 ,0.88270 ,0.63161 ,,
0,0.42075 ,0.94759 ,0.84499 ,0.49027 ,,
0,0.39908 ,0.88414 ,0.76908 ,0.53858 ,,
0,0.39958 ,0.95835 ,0.87836 ,0.62407 ,,
0,0.42528 ,0.84423 ,0.72394 ,0.69544 ,,
0,0.44015 ,0.92614 ,0.80858 ,0.61061 ,,
0,0.41865 ,0.88724 ,0.91346 ,0.49132 ,,
0,0.44486 ,0.90129 ,0.76697 ,0.56388 ,,
0,0.46972 ,0.93099 ,0.74141 ,0.61504 ,,
0,0.46149 ,0.97665 ,0.79692 ,0.49220 ,,
0,0.48156 ,0.92234 ,0.76116 ,0.67918 ,,
0,0.48114 ,0.95965 ,0.71846 ,0.71166 ,,
0,0.43335 ,0.96050 ,0.78156 ,0.54682 ,,
0,0.41638 ,0.90504 ,0.82985 ,0.57878 ,,
0,0.41890 ,0.90469 ,0.93598 ,0.69798 ,,
0,0.42629 ,0.92659 ,0.93880 ,0.48466 ,,
0,0.55523 ,0.93269 ,0.85421 ,0.69882 ,,
0,0.53860 ,0.88519 ,0.83256 ,0.77698 ,,
0,0.54498 ,0.93919 ,0.81558 ,0.63735 ,,
0,0.54960 ,0.95775 ,0.73946 ,0.64717 ,,
0,0.52314 ,0.91044 ,0.75210 ,0.78189 ,,
0,0.51709 ,0.95375 ,0.77755 ,0.72096 ,,
0,0.49458 ,0.94534 ,0.83436 ,0.73086 ,,
0,0.50844 ,0.94784 ,0.78509 ,0.83196 ,,
0,0.47509 ,0.94474 ,0.80419 ,0.73897 ,,
0,0.44687 ,0.83448 ,0.71760 ,0.77422 ,,
0,0.44469 ,0.90384 ,0.87912 ,0.70750 ,,
0,0.44133 ,0.94124 ,0.81743 ,0.66243 ,,
0,0.53818 ,0.91374 ,0.80126 ,0.72306 ,,
0,0.51877 ,0.93454 ,0.71212 ,0.80053 ,,
0,0.51575 ,0.90944 ,0.76312 ,0.66997 ,,
0,0.50332 ,0.94754 ,0.81759 ,0.59978 ,,
0,0.55229 ,0.87019 ,0.77098 ,0.74209 ,,
0,0.60773 ,0.91554 ,0.73219 ,0.76352 ,,
0,0.56195 ,0.90244 ,0.72693 ,0.67606 ,,
0,0.60613 ,0.81633 ,0.74255 ,0.98071 ,,
0,0.69357 ,0.75603 ,0.62091 ,0.79522 ,,
0,0.69114 ,0.79853 ,0.57984 ,0.78303 ,,
0,0.63100 ,0.77693 ,0.63106 ,0.82968 ,,
0,0.64326 ,0.78013 ,0.57230 ,0.68488 ,,
0,0.53490 ,0.89364 ,0.80180 ,0.71026 ,,
0,0.52558 ,0.83158 ,0.70902 ,0.68588 ,,
0,0.52885 ,0.84588 ,0.78303 ,0.60846 ,,
0,0.53070 ,0.78353 ,0.68868 ,0.54529 ,,
0,0.45628 ,0.86274 ,0.86772 ,0.56348 ,,
0,0.45535 ,0.93809 ,0.92046 ,0.57681 ,,
0,0.45871 ,0.92954 ,0.88682 ,0.45642 ,,
0,0.44477 ,0.64101 ,0.89626 ,0.57940 ,,
0,0.52331 ,0.88139 ,0.85117 ,0.64310 ,,
0,0.54641 ,0.87314 ,0.87998 ,0.62521 ,,
0,0.52163 ,0.93049 ,0.69915 ,0.60964 ,,
0,0.53473 ,0.94254 ,0.75661 ,0.58417 ,,
0,0.44141 ,0.89569 ,0.87016 ,0.53762 ,,
0,0.44586 ,0.90334 ,0.86007 ,0.51210 ,,
0,0.44082 ,0.92199 ,0.90804 ,0.44520 ,,
0,0.43444 ,0.61901 ,0.86745 ,0.47519 ,,
0,0.43746 ,0.89669 ,0.82057 ,0.61184 ,,
0,0.42965 ,0.85419 ,0.82595 ,0.47909 ,,
0,0.43931 ,0.87639 ,0.90972 ,0.58676 ,,
0,0.40756 ,0.92019 ,0.86121 ,0.61092 ,,
0,0.46333 ,0.86879 ,0.84781 ,0.49540 ,,
0,0.44603 ,0.89169 ,0.86897 ,0.50487 ,,
0,0.43847 ,0.88244 ,0.86143 ,0.62587 ,,
0,0.44721 ,0.93989 ,0.86143 ,0.49430 ,,
0,0.45107 ,0.93079 ,0.74717 ,0.59114 ,,
0,0.47803 ,0.84348 ,0.82963 ,0.50851 ,,
0,0.47728 ,0.91059 ,0.77853 ,0.56637 ,,
0,0.49416 ,0.86399 ,0.72704 ,0.59505 ,,
0,0.45166 ,0.92814 ,0.85047 ,0.52999 ,,
0,0.43620 ,0.87729 ,0.87347 ,0.49991 ,,
0,0.43998 ,0.93289 ,0.95160 ,0.43016 ,,
0,0.44670 ,0.91419 ,0.87526 ,0.46282 ,,
0,0.61722 ,0.89799 ,0.73284 ,0.83652 ,,
0,0.58673 ,0.93489 ,0.77109 ,0.62117 ,,
0,0.52365 ,0.92504 ,0.73420 ,0.67335 ,,
0,0.59462 ,0.91259 ,0.69340 ,0.80964 ,,
0,0.48358 ,0.94804 ,0.59215 ,0.70487 ,,
0,0.61126 ,0.97620 ,0.71922 ,0.69325 ,,
0,0.50962 ,0.92194 ,0.77142 ,0.63591 ,,
0,0.53826 ,0.92279 ,0.57409 ,0.71780 ,,
0,0.50113 ,0.91144 ,0.74939 ,0.64082 ,,
0,0.48106 ,0.93619 ,0.69052 ,0.68404 ,,
0,0.45216 ,0.96075 ,0.79426 ,0.52424 ,,
0,0.50920 ,0.93434 ,0.69888 ,0.51517 ,,
0,0.40680 ,0.73007 ,0.77456 ,0.44288 ,,
0,0.42394 ,0.94574 ,0.75796 ,0.55103 ,,
0,0.40983 ,0.92194 ,0.94905 ,0.58207 ,,
0,0.42722 ,0.91249 ,0.76057 ,0.53573 ,,
0,0.43024 ,0.85734 ,0.75742 ,0.55936 ,,
0,0.40092 ,0.95920 ,0.85671 ,0.62297 ,,
0,0.38463 ,0.98170 ,0.79697 ,0.52661 ,,
0,0.42024 ,0.96880 ,0.86327 ,0.58992 ,,
0,0.56102 ,0.91389 ,0.83712 ,0.96975 ,,
0,0.60613 ,0.97005 ,0.77777 ,0.81179 ,,
0,0.59454 ,0.96255 ,0.81965 ,0.65857 ,,
0,0.63368 ,0.87304 ,0.70544 ,0.87576 ,,
0,0.45183 ,0.89344 ,0.74896 ,0.68413 ,,
0,0.50172 ,0.90689 ,0.75102 ,0.69632 ,,
0,0.45174 ,0.93544 ,0.73078 ,0.77124 ,,
0,0.47064 ,0.88564 ,0.82595 ,0.67558 ,,
0,0.48753 ,0.69862 ,0.80278 ,0.70013 ,,
0,0.49500 ,0.90874 ,0.83235 ,0.69474 ,,
0,0.45544 ,0.91069 ,0.80712 ,0.67142 ,,
0,0.45838 ,0.89909 ,0.77901 ,0.74003 ,,
0,0.49937 ,0.93399 ,0.76236 ,0.61214 ,,
0,0.51054 ,0.95900 ,0.81027 ,0.74345 ,,
0,0.46073 ,0.95455 ,0.81244 ,0.68930 ,,
0,0.47459 ,0.92424 ,0.71792 ,0.45940 ,,
0,0.57959 ,0.93674 ,0.77994 ,0.60750 ,,
0,0.59740 ,0.89719 ,0.76111 ,0.74419 ,,
0,0.58135 ,0.91169 ,0.63480 ,0.71754 ,,
0,0.60462 ,0.94369 ,0.69719 ,0.81385 ,,
0,0.50332 ,0.91154 ,0.87358 ,0.61210 ,,
0,0.48702 ,0.91464 ,0.70284 ,0.62389 ,,
0,0.53700 ,0.91799 ,0.66095 ,0.64511 ,,
0,0.48996 ,0.90834 ,0.70913 ,0.59277 ,,
0,0.45981 ,0.89804 ,0.88476 ,0.62705 ,,
0,0.43284 ,0.96035 ,0.73621 ,0.64682 ,,
0,0.44040 ,0.93559 ,0.80017 ,0.57378 ,,
0,0.36489 ,0.92084 ,0.75471 ,0.42267 ,,
0,0.43562 ,0.95610 ,0.83056 ,0.59842 ,,
0,0.42570 ,0.87359 ,0.86865 ,0.60456 ,,
0,0.43158 ,0.91529 ,0.82063 ,0.52981 ,,
0,0.39546 ,0.91519 ,0.71288 ,0.45427 ,,
0,0.58933 ,0.90634 ,0.76143 ,0.77142 ,,
0,0.55036 ,0.92474 ,0.70387 ,0.78409 ,,
0,0.52877 ,0.93904 ,0.77858 ,0.63783 ,,
0,0.57698 ,0.95170 ,0.78498 ,0.76922 ,,
0,0.51365 ,0.92384 ,0.82535 ,0.77970 ,,
0,0.38908 ,0.90489 ,0.75769 ,0.39176 ,,
0,0.44469 ,0.92974 ,0.71244 ,0.64932 ,,
0,0.39605 ,0.86684 ,0.76724 ,0.56817 ,,
0,0.50013 ,0.96945 ,0.75758 ,0.65546 ,,
0,0.51600 ,1.00000 ,0.69079 ,0.81666 ,,
0,0.50567 ,0.93179 ,0.75145 ,0.70228 ,,
0,0.47938 ,0.91514 ,0.80744 ,0.68395 ,,
0,0.70357 ,0.79433 ,0.79692 ,0.76620 ,,
0,0.77152 ,0.77193 ,0.85535 ,0.65199 ,,
0,0.68526 ,0.81628 ,0.84835 ,0.68018 ,,
0,0.68979 ,0.83383 ,0.73029 ,0.83354 ,,
0,0.71239 ,0.79963 ,0.76719 ,0.71149 ,,
0,0.65502 ,0.76148 ,0.87185 ,0.68268 ,,
0,0.64838 ,0.81558 ,0.93918 ,0.81841 ,,
0,0.68307 ,0.82968 ,0.77473 ,0.70438 ,,
0,0.59714 ,0.84013 ,0.81287 ,0.70995 ,,
0,0.64687 ,0.88949 ,0.82529 ,0.73415 ,,
0,0.59832 ,0.84823 ,0.75758 ,0.71412 ,,
0,0.61655 ,0.86504 ,0.86761 ,0.84704 ,,
0,0.66098 ,0.81343 ,0.80560 ,0.84125 ,,
0,0.72029 ,0.80978 ,0.94553 ,0.79312 ,,
0,0.59698 ,0.80093 ,0.83918 ,0.68488 ,,
0,0.67711 ,0.77213 ,0.84428 ,0.56629 ,,
0,0.66846 ,0.83813 ,0.85687 ,0.70583 ,,
0,0.68215 ,0.81618 ,0.84450 ,0.81841 ,,
0,0.62486 ,0.77453 ,0.87006 ,0.82573 ,,
0,0.65678 ,0.82503 ,0.87429 ,0.74993 ,,
0,0.58639 ,0.82993 ,0.80641 ,0.71486 ,,
0,0.66317 ,0.83228 ,0.89181 ,0.65897 ,,
0,0.62755 ,0.85189 ,0.81238 ,0.64809 ,,
0,0.58496 ,0.85379 ,0.82112 ,0.74748 ,,
0,0.52348 ,0.92159 ,0.75650 ,0.74046 ,,
0,0.53272 ,0.89119 ,0.80278 ,0.77142 ,,
0,0.56674 ,0.91054 ,0.79990 ,0.61363 ,,
0,0.55514 ,0.94034 ,0.79545 ,0.61894 ,,
0,0.80000 ,0.90809 ,0.93652 ,0.63178 ,,
0,0.83242 ,0.85554 ,0.88443 ,0.72731 ,,
0,0.82360 ,0.89864 ,0.92328 ,0.64511 ,,
0,0.82150 ,0.90094 ,0.93484 ,0.69632 ,,
0,0.79639 ,0.84058 ,0.95475 ,0.74516 ,,
0,0.85502 ,0.83913 ,0.99544 ,0.68597 ,,
0,0.79076 ,0.87164 ,0.85416 ,0.62687 ,,
0,0.82906 ,0.82308 ,0.92892 ,0.74033 ,,
0,0.70374 ,0.79318 ,0.84385 ,0.74288 ,,
0,0.73146 ,0.80373 ,0.96793 ,0.60149 ,,
0,0.66451 ,0.76383 ,0.84195 ,0.70263 ,,
0,0.72230 ,0.77663 ,0.94102 ,0.66291 ,,
0,0.51516 ,0.78733 ,0.82171 ,0.61285 ,,
0,0.56573 ,0.86819 ,0.78086 ,0.95515 ,,
0,0.53818 ,0.86254 ,0.75850 ,0.64546 ,,
0,0.57404 ,0.87239 ,0.81027 ,0.79062 ,,
0,0.62024 ,0.80633 ,0.78894 ,0.63490 ,,
0,0.66585 ,0.76463 ,0.79762 ,0.78089 ,,
0,0.57732 ,0.84558 ,0.69866 ,0.70136 ,,
0,0.65619 ,0.83643 ,0.77532 ,0.68724 ,,
0,0.76287 ,0.81918 ,0.96381 ,0.64103 ,,
0,0.71063 ,0.77118 ,0.82595 ,0.77168 ,,
0,0.63788 ,0.80068 ,0.85177 ,0.73573 ,,
0,0.65317 ,0.82658 ,0.83913 ,0.56523 ,,
0,0.79026 ,0.83528 ,0.89897 ,0.74095 ,,
0,0.78446 ,0.83813 ,0.92985 ,0.81552 ,,
0,0.68954 ,0.80438 ,0.75617 ,0.75186 ,,
0,0.66191 ,0.81073 ,0.77353 ,0.79947 ,,
0,0.72180 ,0.95570 ,0.90288 ,0.64919 ,,
0,0.81478 ,0.92389 ,0.94916 ,0.68851 ,,
0,0.69492 ,0.85349 ,0.83251 ,0.59588 ,,
0,0.79731 ,0.85524 ,0.91048 ,0.58935 ,,
0,0.68937 ,0.75763 ,0.85888 ,0.91933 ,,
0,0.67803 ,0.73442 ,0.89897 ,0.75406 ,,
0,0.68274 ,0.72512 ,0.85508 ,0.87576 ,,
0,0.72474 ,0.77283 ,0.81081 ,0.81188 ,,
0,0.65561 ,0.79593 ,0.80017 ,0.85156 ,,
0,0.76900 ,0.81883 ,0.73441 ,0.77168 ,,
0,0.77707 ,0.81483 ,0.92990 ,0.84042 ,,
0,0.67434 ,0.82063 ,0.83012 ,0.63854 ,,
0,0.67963 ,0.82473 ,0.75699 ,0.87979 ,,
0,0.70970 ,0.80818 ,0.93516 ,0.67299 ,,
0,0.69030 ,0.79898 ,0.83468 ,0.73875 ,,
0,0.72281 ,0.79423 ,0.86414 ,0.97527 ,,
0,0.57656 ,0.96165 ,0.86626 ,0.69658 ,,
0,0.66283 ,0.89234 ,0.79415 ,0.64809 ,,
0,0.54792 ,0.89989 ,0.71857 ,0.61000 ,,
0,0.57564 ,0.88229 ,0.82763 ,0.59185 ,,
0,0.74649 ,0.88489 ,0.99609 ,0.61359 ,,
0,0.82478 ,0.87509 ,0.92849 ,0.67541 ,,
0,0.77774 ,0.90364 ,0.91172 ,0.66032 ,,
0,0.79404 ,0.86594 ,0.94167 ,0.67142 ,,
0,0.80496 ,0.81748 ,0.95914 ,0.74318 ,,
0,0.76875 ,0.80278 ,0.96425 ,0.74932 ,,
0,0.77262 ,0.80338 ,1.00000 ,0.78821 ,,
0,0.76573 ,0.80063 ,0.89366 ,0.72595 ,,
0,0.69416 ,0.84153 ,0.94504 ,0.75292 ,,
0,0.76850 ,0.85559 ,0.93147 ,0.91754 ,,
0,0.73927 ,0.85899 ,0.92703 ,0.80250 ,,
0,0.62428 ,0.85854 ,0.94238 ,0.69996 ,,
0,0.61067 ,0.83158 ,0.82415 ,0.60443 ,,
0,0.68299 ,0.89254 ,0.83691 ,0.66572 ,,
0,0.62822 ,0.89319 ,0.86669 ,0.75506 ,,
0,0.56716 ,0.87809 ,0.86653 ,0.59066 ,,
0,0.59723 ,0.82098 ,0.78482 ,0.81968 ,,
0,0.64595 ,0.78213 ,0.74320 ,0.64068 ,,
0,0.63805 ,0.77258 ,0.86436 ,0.76037 ,,
0,0.62470 ,0.82528 ,0.73897 ,0.95717 ,,
0,0.80319 ,0.69022 ,0.86241 ,0.68102 ,,
0,0.71340 ,0.69872 ,0.88867 ,0.75406 ,,
0,0.76396 ,0.67757 ,0.89713 ,0.79816 ,,
0,0.79328 ,0.65312 ,0.78411 ,0.91933 ,,
0,0.72776 ,0.76318 ,0.80999 ,0.93814 ,,
0,0.73322 ,0.81578 ,0.81802 ,0.93871 ,,
0,0.87417 ,0.75478 ,0.87608 ,0.83954 ,,
0,0.79177 ,0.76283 ,0.79600 ,0.88343 ,,
0,0.72339 ,0.77008 ,0.85839 ,0.78005 ,,
0,0.74985 ,0.77073 ,0.95079 ,0.80719 ,,
0,0.82209 ,0.77528 ,0.84239 ,0.77001 ,,
0,0.71079 ,0.75893 ,0.79024 ,0.66032 ,,
0,0.62864 ,0.85744 ,0.83001 ,0.77142 ,,
0,0.60244 ,0.82218 ,0.79784 ,0.75230 ,,
0,0.64066 ,0.83308 ,0.80810 ,0.63174 ,,
0,0.64015 ,0.84678 ,0.77874 ,0.66291 ,,
0,0.62570 ,0.90059 ,0.86121 ,0.64537 ,,
0,0.57236 ,0.81878 ,0.74277 ,0.62196 ,,
0,0.60109 ,0.89574 ,0.87798 ,0.72074 ,,
0,0.61890 ,0.88904 ,0.76436 ,0.60614 ,,
0,0.83545 ,0.88124 ,0.95296 ,0.54529 ,,
0,0.75405 ,0.84568 ,0.90022 ,0.61219 ,,
0,0.78463 ,0.91949 ,0.88682 ,0.65138 ,,
0,0.74775 ,0.88879 ,0.83034 ,1.00000 ,,
0,0.62806 ,0.88374 ,0.89811 ,0.66637 ,,
0,0.57052 ,0.83938 ,0.83191 ,0.73336 ,,
0,0.64368 ,0.83453 ,0.83262 ,0.55612 ,,
0,0.59832 ,0.89314 ,0.75612 ,0.73056 ,,
0,0.65779 ,0.78043 ,0.83121 ,0.89185 ,,
0,0.67056 ,0.80348 ,0.76974 ,0.64568 ,,
0,0.65594 ,0.82343 ,0.81439 ,0.83354 ,,
0,0.70105 ,0.80518 ,0.80050 ,0.92736 ,,
0,0.94775 ,0.59746 ,0.90717 ,0.99404 ,,
0,0.87845 ,0.63761 ,0.90597 ,0.72306 ,,
0,0.84981 ,0.64216 ,0.97016 ,0.82665 ,,
0,1.00000 ,0.62896 ,0.94102 ,0.98343 ,,
0,0.53465 ,0.86629 ,0.68244 ,0.73696 ,,
0,0.52768 ,0.86344 ,0.71304 ,0.69798 ,,
0,0.54238 ,0.91009 ,0.76496 ,0.73740 ,,
0,0.53767 ,0.87414 ,0.81537 ,0.62521 ,,
0,0.54943 ,0.86179 ,0.67951 ,0.58036 ,,
0,0.51516 ,0.83868 ,0.79160 ,0.66401 ,,
0,0.48895 ,0.86829 ,0.72687 ,0.61793 ,,
0,0.51751 ,0.86174 ,0.73235 ,0.74993 ,,
0,0.54053 ,0.89909 ,0.80641 ,0.58325 ,,
0,0.51239 ,0.91214 ,0.82399 ,0.59794 ,,
0,0.50155 ,0.85799 ,0.76073 ,0.75484 ,,
0,0.51693 ,0.88954 ,0.70029 ,0.62744 ,,
0,0.43486 ,0.88899 ,0.87185 ,0.60342 ,,
0,0.41747 ,0.86899 ,0.85866 ,0.48303 ,,
0,0.44082 ,0.85209 ,0.84949 ,0.44774 ,,
0,0.42478 ,0.91239 ,0.82784 ,0.43849 ,,
0,0.44754 ,0.90809 ,0.89773 ,0.61188 ,,
0,0.40193 ,0.70047 ,0.78357 ,0.52473 ,,
0,0.43788 ,0.89869 ,0.84157 ,0.60132 ,,
0,0.43931 ,0.92314 ,0.89615 ,0.50798 ,,
0,0.53583 ,0.85939 ,0.77022 ,0.60039 ,,
0,0.49408 ,0.91519 ,0.83256 ,0.52157 ,,
0,0.49601 ,0.87939 ,0.76675 ,0.51385 ,,
0,0.47652 ,0.90879 ,0.76306 ,0.51258 ,,
0,0.49467 ,0.89349 ,0.76713 ,0.62885 ,,
0,0.50945 ,0.95870 ,0.82459 ,0.70671 ,,
0,0.47157 ,0.94669 ,0.86165 ,0.76322 ,,
0,0.48702 ,0.89894 ,0.82231 ,0.62060 ,,
0,0.53633 ,0.88669 ,0.72959 ,0.71105 ,,
0,0.58933 ,0.93894 ,0.73599 ,0.65914 ,,
0,0.57379 ,0.91074 ,0.77831 ,0.66997 ,,
0,0.53809 ,0.77298 ,0.80880 ,0.72096 ,,
0,0.57052 ,0.93664 ,0.74934 ,0.65831 ,,
0,0.51961 ,0.83678 ,0.77945 ,0.60618 ,,
0,0.51617 ,0.79598 ,0.69486 ,0.80482 ,,
0,0.52197 ,0.94049 ,0.82025 ,0.68672 ,,
0,0.45031 ,0.91489 ,0.85297 ,0.46642 ,,
0,0.43352 ,0.64831 ,0.82725 ,0.52740 ,,
0,0.42520 ,0.91009 ,0.85942 ,0.62319 ,,
0,0.43091 ,0.90784 ,0.88763 ,0.44836 ,,
1,0.20193 ,0.16387 ,0.25745 ,0.51885 ,,
1,0.21714 ,0.20847 ,0.27823 ,0.61166 ,,
1,0.13877 ,0.18262 ,0.18029 ,0.32635 ,,
1,0.21025 ,0.23977 ,0.36498 ,0.66089 ,,
1,0.38900 ,0.41369 ,0.52650 ,0.67865 ,,
1,0.28559 ,0.25428 ,0.38989 ,0.55432 ,,
1,0.44973 ,0.59446 ,0.51820 ,0.61078 ,,
1,0.45090 ,0.45840 ,0.47724 ,0.59470 ,,
1,0.27501 ,0.18972 ,0.20227 ,0.57725 ,,
1,0.31012 ,0.30603 ,0.34019 ,0.58426 ,,
1,0.30575 ,0.22597 ,0.22565 ,0.39185 ,,
1,0.31978 ,0.39214 ,0.39651 ,0.55835 ,,
1,0.25787 ,0.79763 ,0.66198 ,0.58759 ,,
1,0.30239 ,0.77833 ,0.65981 ,0.71613 ,,
1,0.30265 ,0.82398 ,0.71580 ,0.69281 ,,
1,0.26325 ,0.85239 ,0.69454 ,0.45879 ,,
1,0.19395 ,0.27523 ,0.44040 ,0.63551 ,,
1,0.17992 ,0.37504 ,0.44767 ,0.63946 ,,
1,0.27459 ,0.39049 ,0.63013 ,0.83709 ,,
1,0.30365 ,0.39794 ,0.46981 ,0.56208 ,,
1,0.34221 ,0.64106 ,0.71081 ,0.74608 ,,
1,0.35960 ,0.67762 ,0.68716 ,0.72885 ,,
1,0.29248 ,0.58966 ,0.59443 ,0.71885 ,,
1,0.30953 ,0.65337 ,0.59856 ,0.81021 ,,
1,0.04326 ,0.03315 ,0.05702 ,0.11460 ,,
1,0.04813 ,0.03135 ,0.05854 ,0.12004 ,,
1,0.03738 ,0.02315 ,0.01118 ,0.03573 ,,
1,0.00958 ,0.00000 ,0.00000 ,0.00000 ,,
1,0.07425 ,0.75283 ,0.57159 ,0.37795 ,,
1,0.14112 ,0.70112 ,0.62487 ,0.45265 ,,
1,0.12751 ,0.74497 ,0.72356 ,0.39364 ,,
1,0.08475 ,0.75808 ,0.57441 ,0.43406 ,,
1,0.34045 ,0.45165 ,0.74109 ,0.70324 ,,
1,0.33658 ,0.77193 ,0.79030 ,0.63301 ,,
1,0.34465 ,0.83628 ,0.76757 ,0.71635 ,,
1,0.29450 ,0.75093 ,0.76295 ,0.65116 ,,
1,0.25871 ,0.16567 ,0.25490 ,0.55528 ,,
1,0.21730 ,0.16132 ,0.22489 ,0.44134 ,,
1,0.23805 ,0.20177 ,0.28344 ,0.52986 ,,
1,0.30987 ,0.25998 ,0.32478 ,0.60096 ,,
1,0.26216 ,0.32208 ,0.42081 ,0.69386 ,,
1,0.26720 ,0.26793 ,0.43899 ,0.71973 ,,
1,0.25208 ,0.21237 ,0.33080 ,0.75331 ,,
1,0.29374 ,0.26823 ,0.43329 ,0.67080 ,,
1,0.13919 ,0.50630 ,0.47019 ,0.63064 ,,
1,0.14213 ,0.38789 ,0.43476 ,0.50851 ,,
1,0.01470 ,0.21427 ,0.25370 ,0.48610 ,,
1,0.04973 ,0.25843 ,0.29505 ,0.52039 ,,
1,0.12549 ,0.23567 ,0.55412 ,0.63617 ,,
1,0.12012 ,0.26038 ,0.46796 ,0.40859 ,,
1,0.08156 ,0.47605 ,0.44317 ,0.50250 ,,
1,0.13910 ,0.65772 ,0.62834 ,0.45791 ,,
1,0.19345 ,0.51650 ,0.37779 ,0.46212 ,,
1,0.26014 ,0.53860 ,0.37198 ,0.45221 ,,
1,0.35691 ,0.40429 ,0.44696 ,0.73507 ,,
1,0.25745 ,0.24437 ,0.23781 ,0.48422 ,,
1,0.23646 ,0.37719 ,0.30335 ,0.46274 ,,
1,0.13860 ,0.39399 ,0.17861 ,0.21846 ,,
1,0.17186 ,0.49640 ,0.30020 ,0.23288 ,,
1,0.07157 ,0.37519 ,0.19326 ,0.21977 ,,
1,0.10701 ,0.73797 ,0.35446 ,0.49312 ,,
1,0.12323 ,0.62981 ,0.29081 ,0.32087 ,,
1,0.06711 ,0.70312 ,0.28116 ,0.32516 ,,
1,0.05334 ,0.72472 ,0.35006 ,0.28873 ,,
1,0.32978 ,0.30783 ,0.34626 ,0.59798 ,,
1,0.33028 ,0.16927 ,0.30291 ,0.51907 ,,
1,0.48106 ,0.47050 ,0.54880 ,0.50934 ,,
1,0.46182 ,0.39479 ,0.53345 ,0.64542 ,,
1,0.19328 ,0.29783 ,0.22006 ,0.42442 ,,
1,0.08366 ,0.22177 ,0.15148 ,0.22801 ,,
1,0.09870 ,0.29318 ,0.16548 ,0.26480 ,,
1,0.07686 ,0.42454 ,0.26504 ,0.32999 ,,
1,0.20160 ,0.44599 ,0.53242 ,0.64310 ,,
1,0.20454 ,0.63841 ,0.48869 ,0.62801 ,,
1,0.14574 ,0.54165 ,0.46183 ,0.53555 ,,
1,0.20571 ,0.71017 ,0.56736 ,0.64310 ,,
1,0.31835 ,0.56046 ,0.51186 ,0.42192 ,,
1,0.26846 ,0.59311 ,0.76268 ,0.64836 ,,
1,0.19269 ,0.53290 ,0.56796 ,0.53946 ,,
1,0.31541 ,0.69547 ,0.55830 ,0.61894 ,,
1,0.18085 ,0.48210 ,0.48191 ,0.60482 ,,
1,0.17757 ,0.47445 ,0.30807 ,0.57812 ,,
1,0.15052 ,0.36504 ,0.22050 ,0.31381 ,,
1,0.11037 ,0.22292 ,0.09983 ,0.22630 ,,
1,0.20731 ,0.40974 ,0.43036 ,0.56550 ,,
1,0.23570 ,0.31408 ,0.24133 ,0.39360 ,,
1,0.25964 ,0.42424 ,0.27839 ,0.38488 ,,
1,0.06510 ,0.30943 ,0.13152 ,0.27023 ,,
1,0.25208 ,0.40329 ,0.43975 ,0.67935 ,,
1,0.24847 ,0.32263 ,0.24361 ,0.45379 ,,
1,0.26669 ,0.31918 ,0.28387 ,0.38466 ,,
1,0.05661 ,0.16197 ,0.11226 ,0.25642 ,,
1,0.41420 ,0.39724 ,0.64668 ,0.58540 ,,
1,0.37648 ,0.49385 ,0.55011 ,0.62999 ,,
1,0.43175 ,0.74637 ,0.74071 ,0.83858 ,,
1,0.43268 ,0.72287 ,0.66990 ,0.75603 ,,
1,0.19975 ,0.20507 ,0.30698 ,0.65134 ,,
1,0.19269 ,0.23192 ,0.27709 ,0.51030 ,,
1,0.12944 ,0.18177 ,0.26179 ,0.36300 ,,
1,0.02822 ,0.06146 ,0.11714 ,0.27321 ,,
1,0.20109 ,0.71722 ,0.70604 ,0.70973 ,,
1,0.20596 ,0.69162 ,0.65808 ,0.48606 ,,
1,0.24561 ,0.79843 ,0.71521 ,0.65217 ,,
1,0.22713 ,0.74097 ,0.72801 ,0.69281 ,,
1,0.38622 ,0.48585 ,0.55553 ,0.66352 ,,
1,0.42965 ,0.70187 ,0.59579 ,0.70241 ,,
1,0.38211 ,0.62401 ,0.54029 ,0.65598 ,,
1,0.44511 ,0.65627 ,0.62992 ,0.72556 ,,
1,0.28064 ,0.66792 ,0.63925 ,0.57514 ,,
1,0.27022 ,0.60476 ,0.56920 ,0.72477 ,,
1,0.28450 ,0.69322 ,0.62878 ,0.69961 ,,
1,0.37094 ,0.82393 ,0.70490 ,0.71947 ,,
1,0.22562 ,0.41209 ,0.29309 ,0.46830 ,,
1,0.09735 ,0.30288 ,0.15094 ,0.26002 ,,
1,0.21495 ,0.17437 ,0.16413 ,0.25642 ,,
1,0.11693 ,0.07491 ,0.05724 ,0.15397 ,,
1,0.34649 ,0.29538 ,0.42005 ,0.78768 ,,
1,0.28879 ,0.29503 ,0.51988 ,0.58089 ,,
1,0.26359 ,0.33103 ,0.38788 ,0.67773 ,,
1,0.26182 ,0.27748 ,0.32337 ,0.44884 ,,
1,0.11869 ,0.64686 ,0.67430 ,0.41732 ,,
1,0.09483 ,0.37309 ,0.51261 ,0.51302 ,,
1,0.05619 ,0.31603 ,0.39162 ,0.40246 ,,
1,0.07627 ,0.24377 ,0.40302 ,0.45660 ,,
1,0.19588 ,0.40189 ,0.20699 ,0.47996 ,,
1,0.10315 ,0.56186 ,0.26987 ,0.23249 ,,
1,0.16674 ,0.44354 ,0.29738 ,0.25975 ,,
1,0.13549 ,0.44229 ,0.13466 ,0.15493 ,,
1,0.19168 ,0.61676 ,0.61532 ,0.64494 ,,
1,0.17824 ,0.66652 ,0.70490 ,0.60285 ,,
1,0.22066 ,0.60386 ,0.73512 ,0.55160 ,,
1,0.18547 ,0.48745 ,0.56855 ,0.56668 ,,
1,0.39126 ,0.33148 ,0.44892 ,0.71955 ,,
1,0.41294 ,0.35634 ,0.58738 ,0.71591 ,,
1,0.43209 ,0.27778 ,0.44745 ,0.72775 ,,
1,0.34910 ,0.22252 ,0.51120 ,0.70925 ,,
1,0.45804 ,0.33868 ,0.46671 ,0.64546 ,,
1,0.50433 ,0.67962 ,0.53784 ,0.64612 ,,
1,0.47921 ,0.54420 ,0.47762 ,0.67593 ,,
1,0.49509 ,0.71887 ,0.58776 ,0.72306 ,,
1,0.23822 ,0.58966 ,0.66806 ,0.57501 ,,
1,0.25813 ,0.73267 ,0.73729 ,0.59939 ,,
1,0.21378 ,0.58991 ,0.55564 ,0.61762 ,,
1,0.21697 ,0.63651 ,0.57723 ,0.51771 ,,
1,0.19143 ,0.15047 ,0.23509 ,0.46905 ,,
1,0.21159 ,0.17947 ,0.25853 ,0.47080 ,,
1,0.15825 ,0.13791 ,0.16814 ,0.37085 ,,
1,0.17404 ,0.17877 ,0.29228 ,0.50886 ,,
1,0.19488 ,0.56706 ,0.26640 ,0.35690 ,,
1,0.13028 ,0.50680 ,0.11627 ,0.14888 ,,
1,0.16178 ,0.51645 ,0.23319 ,0.26203 ,,
1,0.14061 ,0.61156 ,0.18312 ,0.14651 ,,
1,0.34641 ,0.86279 ,0.60496 ,0.51416 ,,
1,0.36455 ,0.86239 ,0.69633 ,0.67685 ,,
1,0.30626 ,0.84238 ,0.78428 ,0.54875 ,,
1,0.30475 ,0.84288 ,0.63095 ,0.59505 ,,
1,0.21890 ,0.20297 ,0.24046 ,0.40723 ,,
1,0.04334 ,0.10826 ,0.12012 ,0.18821 ,,
1,0.14927 ,0.15682 ,0.17595 ,0.25730 ,,
1,0.11877 ,0.15622 ,0.05805 ,0.17093 ,,
1,0.17992 ,0.17902 ,0.29201 ,0.53240 ,,
1,0.16716 ,0.13221 ,0.21415 ,0.35353 ,,
1,0.16690 ,0.17862 ,0.28409 ,0.36576 ,,
1,0.06359 ,0.06476 ,0.11643 ,0.30820 ,,
1,0.26812 ,0.76713 ,0.60208 ,0.59285 ,,
1,0.35540 ,0.76813 ,0.72362 ,0.60921 ,,
1,0.34355 ,0.78953 ,0.69166 ,0.57229 ,,
1,0.31382 ,0.68632 ,0.67506 ,0.49584 ,,
1,0.42663 ,0.91184 ,0.86696 ,0.65747 ,,
1,0.36674 ,0.88319 ,0.76002 ,0.57085 ,,
1,0.39084 ,0.86944 ,0.76100 ,0.82617 ,,
1,0.42226 ,0.85784 ,0.68976 ,0.78829 ,,
1,0.34616 ,0.78023 ,0.72568 ,0.71653 ,,
1,0.31919 ,0.71592 ,0.58309 ,0.68299 ,,
1,0.33717 ,0.77553 ,0.63979 ,0.66072 ,,
1,0.37178 ,0.80423 ,0.77560 ,0.69601 ,,
1,0.11609 ,0.17007 ,0.07981 ,0.16589 ,,
1,0.06627 ,0.17842 ,0.10249 ,0.15278 ,,
1,0.03427 ,0.17702 ,0.09245 ,0.12451 ,,
1,0.02335 ,0.17562 ,0.06619 ,0.13411 ,,
1,0.24964 ,0.69822 ,0.66491 ,0.69733 ,,
1,0.25233 ,0.70447 ,0.61391 ,0.65164 ,,
1,0.25090 ,0.62781 ,0.61201 ,0.66488 ,,
1,0.24141 ,0.57336 ,0.58825 ,0.65546 ,,
1,0.19538 ,0.14121 ,0.21160 ,0.49930 ,,
1,0.19345 ,0.13576 ,0.19006 ,0.43630 ,,
1,0.19168 ,0.16917 ,0.26683 ,0.63060 ,,
1,0.26611 ,0.24992 ,0.27720 ,0.48676 ,,
1,0.28862 ,0.67357 ,0.70088 ,0.72946 ,,
1,0.31617 ,0.69737 ,0.73870 ,0.72503 ,,
1,0.31130 ,0.67137 ,0.68189 ,0.72459 ,,
1,0.31693 ,0.73512 ,0.73328 ,0.62955 ,,
1,0.31441 ,0.16347 ,0.31208 ,0.63573 ,,
1,0.29635 ,0.21997 ,0.39878 ,0.57742 ,,
1,0.30651 ,0.30218 ,0.37703 ,0.47519 ,,
1,0.29072 ,0.19947 ,0.32765 ,0.51416 ,,
1,0.21428 ,0.43849 ,0.73941 ,0.49750 ,,
1,0.22352 ,0.56746 ,0.68103 ,0.53292 ,,
1,0.23511 ,0.51275 ,0.62742 ,0.66883 ,,
1,0.19597 ,0.45125 ,0.55944 ,0.58786 ,,
1,0.21327 ,0.58996 ,0.45559 ,0.60162 ,,
1,0.26308 ,0.40224 ,0.18550 ,0.34783 ,,
1,0.27837 ,0.27318 ,0.25159 ,0.28948 ,,
1,0.11373 ,0.34638 ,0.12512 ,0.31653 ,,
1,0.38589 ,0.24232 ,0.31550 ,0.52854 ,,
1,0.43326 ,0.37989 ,0.45103 ,0.64130 ,,
1,0.39269 ,0.34713 ,0.29391 ,0.57479 ,,
1,0.43587 ,0.50275 ,0.51175 ,0.68965 ,,
1,0.12885 ,0.23432 ,0.25794 ,0.44849 ,,
1,0.11541 ,0.29118 ,0.24746 ,0.33696 ,,
1,0.23486 ,0.22947 ,0.20183 ,0.37549 ,,
1,0.20000 ,0.17122 ,0.14503 ,0.36348 ,,
1,0.18883 ,0.80493 ,0.52938 ,0.41491 ,,
1,0.30097 ,0.80478 ,0.71315 ,0.66493 ,,
1,0.24754 ,0.74117 ,0.63985 ,0.51403 ,,
1,0.23931 ,0.75578 ,0.63382 ,0.46392 ,,
1,0.37270 ,0.75903 ,0.76626 ,0.66032 ,,
1,0.35481 ,0.84468 ,0.80961 ,0.79491 ,,
1,0.35204 ,0.61971 ,0.59503 ,0.57817 ,,
1,0.31063 ,0.69977 ,0.69226 ,0.64950 ,,
1,0.15750 ,0.34423 ,0.25408 ,0.32477 ,,
1,0.05737 ,0.32638 ,0.14275 ,0.14406 ,,
1,0.07425 ,0.23252 ,0.16364 ,0.21789 ,,
1,0.05409 ,0.23532 ,0.07666 ,0.17142 ,,
1,0.23956 ,0.81833 ,0.66122 ,0.52661 ,,
1,0.31289 ,0.82528 ,0.70105 ,0.58873 ,,
1,0.31189 ,0.84733 ,0.67397 ,0.56839 ,,
1,0.28534 ,0.71697 ,0.66556 ,0.37014 ,,
1,0.33087 ,0.50555 ,0.47865 ,0.80658 ,,
1,0.29492 ,0.58866 ,0.56215 ,0.68948 ,,
1,0.21772 ,0.58426 ,0.51202 ,0.76865 ,,
1,0.32138 ,0.88054 ,0.68699 ,0.65783 ,,
1,0.22528 ,0.53490 ,0.56096 ,0.61149 ,,
1,0.20294 ,0.47305 ,0.52721 ,0.62367 ,,
1,0.20689 ,0.65567 ,0.57599 ,0.53665 ,,
1,0.25040 ,0.73527 ,0.64050 ,0.80000 ,,
1,0.12827 ,0.22617 ,0.13808 ,0.31039 ,,
1,0.11617 ,0.15752 ,0.12007 ,0.27637 ,,
1,0.06367 ,0.16012 ,0.14009 ,0.26879 ,,
1,0.04696 ,0.16457 ,0.10607 ,0.12324 ,,
1,0.28123 ,0.71082 ,0.53258 ,0.36629 ,,
1,0.37900 ,0.69287 ,0.60648 ,0.48676 ,,
1,0.33331 ,0.77458 ,0.71705 ,0.51420 ,,
1,0.28870 ,0.63696 ,0.54121 ,0.50171 ,,
1,0.27518 ,0.36164 ,0.52075 ,0.63919 ,,
1,0.25149 ,0.33448 ,0.36992 ,0.55480 ,,
1,0.29467 ,0.43019 ,0.62758 ,0.76567 ,,
1,0.29929 ,0.44464 ,0.60914 ,0.65572 ,,
1,0.30340 ,0.71642 ,0.62487 ,0.64516 ,,
1,0.31163 ,0.74157 ,0.78205 ,0.62271 ,,
1,0.30995 ,0.64046 ,0.56969 ,0.65620 ,,
1,0.30626 ,0.71817 ,0.54826 ,0.54196 ,,
1,0.17682 ,0.51660 ,0.36553 ,0.46361 ,,
1,0.22495 ,0.56991 ,0.37008 ,0.54016 ,,
1,0.36699 ,0.51645 ,0.57458 ,0.68163 ,,
1,0.41411 ,0.36819 ,0.47181 ,0.51306 ,,
1,0.14826 ,0.31273 ,0.43199 ,0.58737 ,,
1,0.14649 ,0.36834 ,0.38972 ,0.40978 ,,
1,0.06812 ,0.39394 ,0.37263 ,0.39132 ,,
1,0.07341 ,0.24382 ,0.15935 ,0.09461 ,,
1,0.29786 ,0.36214 ,0.58244 ,0.60197 ,,
1,0.26367 ,0.42434 ,0.56980 ,0.61000 ,,
1,0.30542 ,0.42329 ,0.56389 ,0.66199 ,,
1,0.32012 ,0.31353 ,0.42591 ,0.62196 ,,
1,0.30038 ,0.37309 ,0.55195 ,0.69961 ,,
1,0.28845 ,0.48360 ,0.50665 ,0.63792 ,,
1,0.33599 ,0.45640 ,0.62688 ,0.70938 ,,
1,0.33389 ,0.47175 ,0.47794 ,0.67576 ,,
1,0.31726 ,0.16462 ,0.33460 ,0.59557 ,,
1,0.29643 ,0.18342 ,0.34773 ,0.45357 ,,
1,0.29920 ,0.29873 ,0.37209 ,0.50267 ,,
1,0.26703 ,0.26788 ,0.30845 ,0.54187 ,,
1,0.14675 ,0.22152 ,0.19695 ,0.43472 ,,
1,0.09525 ,0.22462 ,0.14595 ,0.21859 ,,
1,0.19597 ,0.23712 ,0.24920 ,0.35151 ,,
1,0.15472 ,0.17662 ,0.14416 ,0.20872 ,,
1,0.30685 ,0.75068 ,0.82595 ,0.65796 ,,
1,0.28769 ,0.82948 ,0.73642 ,0.76037 ,,
1,0.33616 ,0.77938 ,0.68819 ,0.76848 ,,
1,0.33482 ,0.91299 ,0.76263 ,0.70438 ,,
1,0.30021 ,0.53105 ,0.47013 ,0.50794 ,,
1,0.25603 ,0.42839 ,0.27182 ,0.27580 ,,
1,0.26308 ,0.29358 ,0.28604 ,0.28049 ,,
1,0.08114 ,0.34968 ,0.20341 ,0.33867 ,,
1,0.20428 ,0.65807 ,0.50415 ,0.60351 ,,
1,0.21722 ,0.63336 ,0.58353 ,0.65423 ,,
1,0.32003 ,0.54195 ,0.64554 ,0.63630 ,,
1,0.27249 ,0.46590 ,0.68727 ,0.61793 ,,
1,0.30525 ,0.57641 ,0.67880 ,0.71955 ,,
1,0.25821 ,0.55496 ,0.53226 ,0.73157 ,,
1,0.23998 ,0.69672 ,0.70696 ,0.56795 ,,
1,0.33574 ,0.75208 ,0.65108 ,0.94958 ,,
1,0.26048 ,0.46420 ,0.34317 ,0.48952 ,,
1,0.13339 ,0.37009 ,0.21719 ,0.26822 ,,
1,0.16858 ,0.36634 ,0.23227 ,0.33766 ,,
1,0.12440 ,0.38144 ,0.17118 ,0.34616 ,,
1,0.20588 ,0.54600 ,0.61679 ,0.59947 ,,
1,0.24444 ,0.67202 ,0.82378 ,0.57234 ,,
1,0.24687 ,0.57616 ,0.63882 ,0.60495 ,,
1,0.26359 ,0.65762 ,0.60751 ,0.68488 ,,
1,0.21940 ,0.17227 ,0.22299 ,0.48154 ,,
1,0.26199 ,0.22772 ,0.30926 ,0.39702 ,,
1,0.24586 ,0.16892 ,0.21171 ,0.36839 ,,
1,0.26249 ,0.28768 ,0.29602 ,0.47405 ,,
1,0.18429 ,0.49355 ,0.34274 ,0.49114 ,,
1,0.23284 ,0.67327 ,0.47474 ,0.59461 ,,
1,0.37421 ,0.59931 ,0.67251 ,0.58479 ,,
1,0.42965 ,0.59706 ,0.63670 ,0.58457 ,,
1,0.26888 ,0.49815 ,0.47577 ,0.60381 ,,
1,0.27266 ,0.46795 ,0.25094 ,0.52157 ,,
1,0.30206 ,0.47035 ,0.25880 ,0.46694 ,,
1,0.06199 ,0.27153 ,0.08790 ,0.21074 ,,
1,0.12986 ,0.33068 ,0.36547 ,0.70167 ,,
1,0.09089 ,0.34883 ,0.40795 ,0.57505 ,,
1,0.14607 ,0.52710 ,0.53052 ,0.51363 ,,
1,0.12667 ,0.38629 ,0.36108 ,0.42744 ,,
1,0.10063 ,0.68277 ,0.53046 ,0.41771 ,,
1,0.05972 ,0.60461 ,0.54294 ,0.40189 ,,
1,0.02604 ,0.51240 ,0.50675 ,0.47992 ,,
1,0.02209 ,0.69582 ,0.51506 ,0.37961 ,,
1,0.26535 ,0.33588 ,0.40839 ,0.55861 ,,
1,0.23856 ,0.27253 ,0.36026 ,0.42429 ,,
1,0.23410 ,0.17997 ,0.25826 ,0.50715 ,,
1,0.14103 ,0.19277 ,0.19304 ,0.35423 ,,
1,0.13641 ,0.36059 ,0.51918 ,0.53402 ,,
1,0.12936 ,0.42649 ,0.47599 ,0.55178 ,,
1,0.20630 ,0.81908 ,0.72747 ,0.62986 ,,
1,0.36203 ,0.93834 ,0.83218 ,0.56589 ,,
1,0.53457 ,0.69447 ,0.63762 ,0.64594 ,,
1,0.49534 ,0.69862 ,0.78607 ,0.83858 ,,
1,0.37934 ,0.66972 ,0.78563 ,0.64669 ,,
1,0.38572 ,0.72097 ,0.69719 ,0.56734 ,,
1,0.06115 ,0.45120 ,0.18512 ,0.29641 ,,
1,0.04981 ,0.40319 ,0.10271 ,0.22753 ,,
1,0.00000 ,0.31793 ,0.05068 ,0.12810 ,,
1,0.02318 ,0.27748 ,0.02295 ,0.12613 ,,
1,0.23990 ,0.19062 ,0.24209 ,0.50215 ,,
1,0.24880 ,0.19302 ,0.22923 ,0.46773 ,,
1,0.24528 ,0.27793 ,0.31051 ,0.60083 ,,
1,0.25535 ,0.32713 ,0.38869 ,0.65392 ,,
1,0.34532 ,0.26173 ,0.52363 ,0.72096 ,,
1,0.35884 ,0.39904 ,0.64451 ,0.73875 ,,
1,0.40823 ,0.42879 ,0.58624 ,0.69027 ,,
1,0.44166 ,0.45485 ,0.50643 ,0.68308 ,,
1,0.19244 ,0.63996 ,0.56915 ,0.68768 ,,
1,0.17186 ,0.69652 ,0.65498 ,0.56734 ,,
1,0.19446 ,0.60851 ,0.64066 ,0.58580 ,,
1,0.16338 ,0.49805 ,0.50882 ,0.66388 ,,
1,0.21151 ,0.56811 ,0.61825 ,0.61061 ,,
1,0.26434 ,0.69052 ,0.77646 ,0.59149 ,,
1,0.27283 ,0.51930 ,0.57512 ,0.60053 ,,
1,0.26132 ,0.59281 ,0.60387 ,0.56085 ,,
1,0.24948 ,0.22987 ,0.31187 ,0.49443 ,,
1,0.08299 ,0.22892 ,0.09017 ,0.23358 ,,
1,0.20227 ,0.20977 ,0.18822 ,0.27133 ,,
1,0.12054 ,0.11041 ,0.06668 ,0.10780 ,,
1,0.66157 ,0.46035 ,0.67099 ,0.68689 ,,
1,0.71735 ,0.66602 ,0.78314 ,0.70202 ,,
1,0.67400 ,0.48825 ,0.67153 ,0.89465 ,,
1,0.67770 ,0.75073 ,0.74977 ,0.79807 ,,
1,0.33650 ,0.76193 ,0.66822 ,0.83994 ,,
1,0.23788 ,0.23787 ,0.43910 ,0.71008 ,,
1,0.23444 ,0.19827 ,0.25484 ,0.63135 ,,
1,0.30853 ,0.20197 ,0.24546 ,0.53336 ,,
1,0.33482 ,0.44394 ,0.46471 ,0.63161 ,,
1,0.35405 ,0.54335 ,0.62341 ,0.67918 ,,
1,0.24964 ,0.42209 ,0.47111 ,0.73306 ,,
1,0.38228 ,0.65067 ,0.65856 ,0.82617 ,,
1,0.14137 ,0.15617 ,0.21437 ,0.28106 ,,
1,0.14171 ,0.12611 ,0.15870 ,0.30184 ,,
1,0.07434 ,0.17497 ,0.15431 ,0.25178 ,,
1,0.08299 ,0.18632 ,0.10710 ,0.17545 ,,
1,0.26123 ,0.74267 ,0.74206 ,0.58290 ,,
1,0.33163 ,0.78343 ,0.67685 ,0.54748 ,,
1,0.31625 ,0.80728 ,0.62487 ,0.60623 ,,
1,0.29013 ,0.71732 ,0.73040 ,0.47278 ,,
1,0.29735 ,0.66372 ,0.61836 ,0.43069 ,,
1,0.35397 ,0.66827 ,0.71537 ,0.61131 ,,
1,0.28543 ,0.57451 ,0.65818 ,0.55362 ,,
1,0.33431 ,0.62496 ,0.62351 ,0.46966 ,,
1,0.36615 ,0.71222 ,0.65162 ,0.83994 ,,
1,0.35531 ,0.79018 ,0.72823 ,0.72538 ,,
1,0.34381 ,0.72472 ,0.66090 ,0.67571 ,,
1,0.31634 ,0.76638 ,0.57642 ,0.67050 ,,
1,0.09609 ,0.69547 ,0.44886 ,0.42736 ,,
1,0.04544 ,0.56266 ,0.38017 ,0.42516 ,,
1,0.02999 ,0.47130 ,0.43052 ,0.47703 ,,
1,0.00756 ,0.53885 ,0.41832 ,0.45541 ,,
1,0.26300 ,0.87349 ,0.62536 ,0.43832 ,,
1,0.33616 ,0.86509 ,0.67810 ,0.60434 ,,
1,0.30399 ,0.83603 ,0.73148 ,0.43025 ,,
1,0.30475 ,0.67292 ,0.69600 ,0.50855 ,,
1,0.20924 ,0.32188 ,0.55727 ,0.70057 ,,
1,0.15388 ,0.16077 ,0.30677 ,0.50890 ,,
1,0.09391 ,0.16902 ,0.30335 ,0.56957 ,,
1,0.11852 ,0.15057 ,0.30411 ,0.46423 ,,
1,0.31147 ,0.61876 ,0.66540 ,0.76291 ,,
1,0.31432 ,0.81548 ,0.69519 ,0.88163 ,,
1,0.34960 ,0.87174 ,0.74353 ,0.68369 ,,
1,0.39387 ,0.92809 ,0.72601 ,0.67352 ,,
