0,0.01465 ,0.06797 ,0.08784 ,0.09057 ,0.02377 ,0.02472 
0,0.05416 ,0.06827 ,0.08105 ,0.12916 ,0.07679 ,0.05941 
0,0.07151 ,0.07894 ,0.10965 ,0.08284 ,0.10660 ,0.15448 
0,0.03129 ,0.06986 ,0.10020 ,0.15344 ,0.07685 ,0.04930 
0,0.02647 ,0.06107 ,0.08069 ,0.17510 ,0.08932 ,0.05137 
0,0.02790 ,0.07007 ,0.09246 ,0.09739 ,0.04442 ,0.05251 
0,0.04303 ,0.06583 ,0.08897 ,0.13821 ,0.03919 ,0.05087 
0,0.02368 ,0.07142 ,0.09200 ,0.13361 ,0.04236 ,0.03355 
0,0.08689 ,0.07445 ,0.09322 ,0.11218 ,0.11236 ,0.07318 
0,0.10323 ,0.05945 ,0.06875 ,0.18382 ,0.16694 ,0.04631 
0,0.04100 ,0.06508 ,0.09677 ,0.10314 ,0.08174 ,0.07361 
0,0.02068 ,0.07230 ,0.10197 ,0.10149 ,0.05522 ,0.00000 
0,0.01668 ,0.06827 ,0.09383 ,0.12570 ,0.03763 ,0.01905 
0,0.01257 ,0.06630 ,0.07387 ,0.11841 ,0.06128 ,0.00942 
0,0.02971 ,0.07754 ,0.11355 ,0.14332 ,0.05614 ,0.07559 
0,0.03353 ,0.06727 ,0.08915 ,0.06508 ,0.14014 ,0.02862 
0,0.02148 ,0.06827 ,0.10191 ,0.13795 ,0.07142 ,0.01863 
0,0.01732 ,0.06829 ,0.06536 ,0.09274 ,0.04321 ,0.02112 
0,0.03570 ,0.06580 ,0.08051 ,0.10330 ,0.07002 ,0.08546 
0,0.02035 ,0.06243 ,0.08094 ,0.15044 ,0.08061 ,0.02556 
0,0.07417 ,0.07044 ,0.10343 ,0.13902 ,0.06774 ,0.07872 
0,0.01554 ,0.07264 ,0.06266 ,0.14312 ,0.06133 ,0.02759 
0,0.02894 ,0.06242 ,0.10411 ,0.09121 ,0.05072 ,0.00957 
0,0.04339 ,0.07469 ,0.08153 ,0.11500 ,0.08046 ,0.02521 
0,0.02870 ,0.06987 ,0.08237 ,0.15788 ,0.10212 ,0.04374 
0,0.03462 ,0.06521 ,0.08890 ,0.13747 ,0.09448 ,0.02489 
0,0.03189 ,0.06260 ,0.08402 ,0.08726 ,0.06490 ,0.03507 
0,0.03560 ,0.06698 ,0.10706 ,0.10406 ,0.11028 ,0.01552 
0,0.04690 ,0.07544 ,0.11532 ,0.11987 ,0.09062 ,0.05112 
0,0.05936 ,0.06642 ,0.08932 ,0.11056 ,0.17624 ,0.03589 
0,0.22866 ,0.01218 ,0.02741 ,0.06454 ,0.11326 ,0.20396 
0,0.13625 ,0.02254 ,0.04865 ,0.08054 ,0.08375 ,0.11536 
0,0.16323 ,0.01987 ,0.03317 ,0.04868 ,0.05495 ,0.15217 
0,0.15227 ,0.02019 ,0.03376 ,0.11459 ,0.10749 ,0.08796 
0,0.16945 ,0.01219 ,0.00603 ,0.04479 ,0.07002 ,0.15227 
0,0.12915 ,0.02020 ,0.04526 ,0.09105 ,0.05629 ,0.04202 
0,0.13447 ,0.02019 ,0.04092 ,0.07988 ,0.07666 ,0.15279 
0,0.08388 ,0.01047 ,0.00000 ,0.04628 ,0.11392 ,0.14001 
0,0.13621 ,0.01783 ,0.03450 ,0.08743 ,0.07596 ,0.12945 
0,0.18158 ,0.01731 ,0.04762 ,0.08241 ,0.08833 ,0.08347 
0,0.10376 ,0.01594 ,0.02942 ,0.03449 ,0.10132 ,0.10583 
0,0.07972 ,0.01786 ,0.03675 ,0.02204 ,0.05572 ,0.07212 
0,0.11324 ,0.02050 ,0.05425 ,0.05286 ,0.08936 ,0.15330 
0,0.06803 ,0.01623 ,0.00917 ,0.08531 ,0.07671 ,0.07719 
0,0.13738 ,0.01934 ,0.02394 ,0.05677 ,0.07583 ,0.11562 
0,0.07476 ,0.01214 ,0.02977 ,0.02839 ,0.07802 ,0.04855 
0,0.07065 ,0.01902 ,0.02139 ,0.12205 ,0.13729 ,0.10652 
0,0.13074 ,0.02174 ,0.02535 ,0.09909 ,0.10272 ,0.07126 
0,0.13565 ,0.01445 ,0.02597 ,0.07354 ,0.08600 ,0.07965 
0,0.10286 ,0.01566 ,0.02694 ,0.16787 ,0.09292 ,0.14039 
0,0.13974 ,0.01642 ,0.03274 ,0.11555 ,0.04261 ,0.11682 
0,0.10918 ,0.01796 ,0.05481 ,0.08399 ,0.08998 ,0.11998 
0,0.11064 ,0.01020 ,0.02013 ,0.09260 ,0.13653 ,0.12083 
0,0.12577 ,0.01959 ,0.03792 ,0.14288 ,0.08561 ,0.11926 
0,0.16685 ,0.01566 ,0.02459 ,0.06129 ,0.25944 ,0.16726 
0,0.12356 ,0.01559 ,0.03487 ,0.04536 ,0.16193 ,0.08118 
0,0.25575 ,0.02003 ,0.04617 ,0.09630 ,0.04719 ,0.13898 
0,0.25804 ,0.01189 ,0.00387 ,0.06742 ,0.10379 ,0.08616 
0,0.15002 ,0.00973 ,0.02500 ,0.11270 ,0.11635 ,0.20222 
0,0.18976 ,0.01585 ,0.03510 ,0.13278 ,0.22664 ,0.25535 
0,0.12533 ,0.00956 ,0.03662 ,0.06687 ,0.18560 ,0.24489 
0,0.10451 ,0.00437 ,0.01587 ,0.03589 ,0.12731 ,0.13064 
0,0.10029 ,0.00922 ,0.02142 ,0.02069 ,0.12192 ,0.12277 
0,0.06097 ,0.00669 ,0.02364 ,0.01348 ,0.05208 ,0.05477 
0,0.06573 ,0.01326 ,0.02205 ,0.04160 ,0.09656 ,0.09438 
0,0.05112 ,0.00396 ,0.02151 ,0.06790 ,0.06059 ,0.02906 
0,0.05079 ,0.01118 ,0.02220 ,0.03135 ,0.05375 ,0.03514 
0,0.14072 ,0.01028 ,0.02353 ,0.05009 ,0.07835 ,0.11436 
0,0.11143 ,0.01031 ,0.02243 ,0.08014 ,0.18915 ,0.17630 
0,0.05987 ,0.00470 ,0.02167 ,0.10793 ,0.19387 ,0.06233 
0,0.06592 ,0.00350 ,0.01593 ,0.03340 ,0.12607 ,0.15039 
0,0.04122 ,0.00553 ,0.01480 ,0.03555 ,0.10867 ,0.07044 
0,0.03528 ,0.00713 ,0.00715 ,0.03603 ,0.05725 ,0.06790 
0,0.04322 ,0.00916 ,0.02070 ,0.03429 ,0.10351 ,0.08502 
0,0.05180 ,0.00905 ,0.02075 ,0.05861 ,0.08131 ,0.08999 
0,0.07132 ,0.00548 ,0.01080 ,0.06625 ,0.14707 ,0.10831 
0,0.09084 ,0.00000 ,0.00965 ,0.02805 ,0.01226 ,0.04278 
0,0.14714 ,0.00721 ,0.02048 ,0.05108 ,0.13553 ,0.12730 
0,0.21001 ,0.00539 ,0.00758 ,0.06154 ,0.15400 ,0.13367 
0,0.18678 ,0.00328 ,0.01438 ,0.09129 ,0.22083 ,0.33049 
0,0.29335 ,0.00430 ,0.02258 ,0.08151 ,0.19943 ,0.31318 
0,0.15339 ,0.01207 ,0.02778 ,0.04413 ,0.08763 ,0.09389 
0,0.06506 ,0.00296 ,0.01510 ,0.03124 ,0.06813 ,0.08994 
0,0.12464 ,0.00734 ,0.02463 ,0.05734 ,0.08416 ,0.05950 
0,0.07769 ,0.00025 ,0.02226 ,0.02310 ,0.04313 ,0.07901 
0,0.04876 ,0.00157 ,0.01641 ,0.01981 ,0.10913 ,0.03603 
0,0.06041 ,0.00239 ,0.01453 ,0.02627 ,0.03634 ,0.06706 
0,0.04354 ,0.00739 ,0.01779 ,0.00771 ,0.09405 ,0.04720 
0,0.05750 ,0.01077 ,0.01463 ,0.05703 ,0.15902 ,0.15743 
0,0.14613 ,0.02214 ,0.07413 ,0.07620 ,0.12516 ,0.06897 
0,0.11459 ,0.05319 ,0.03619 ,0.07611 ,0.11396 ,0.12177 
0,0.07337 ,0.05248 ,0.02568 ,0.07579 ,0.19181 ,0.08505 
0,0.02335 ,0.05063 ,0.01948 ,0.05522 ,0.03567 ,0.03409 
0,0.03315 ,0.05263 ,0.02067 ,0.01338 ,0.04771 ,0.06896 
0,0.08280 ,0.04576 ,0.03406 ,0.09557 ,0.14303 ,0.14958 
0,0.04566 ,0.05352 ,0.02343 ,0.07899 ,0.08418 ,0.05114 
0,0.01560 ,0.05676 ,0.03381 ,0.02085 ,0.03169 ,0.02656 
0,0.02790 ,0.04994 ,0.02993 ,0.02837 ,0.05324 ,0.02782 
0,0.04998 ,0.05489 ,0.04064 ,0.05297 ,0.05919 ,0.07034 
0,0.08140 ,0.05266 ,0.02219 ,0.08837 ,0.15364 ,0.12078 
0,0.06647 ,0.05227 ,0.03327 ,0.10770 ,0.11046 ,0.10263 
0,0.02130 ,0.05066 ,0.02274 ,0.00000 ,0.05933 ,0.02213 
0,0.01442 ,0.05383 ,0.01873 ,0.01666 ,0.04501 ,0.03045 
0,0.03031 ,0.05505 ,0.04032 ,0.05354 ,0.05109 ,0.01796 
0,0.03566 ,0.05625 ,0.03751 ,0.06278 ,0.11104 ,0.07771 
0,0.04889 ,0.05723 ,0.03589 ,0.12792 ,0.24331 ,0.01849 
0,0.02525 ,0.05477 ,0.04373 ,0.01885 ,0.13700 ,0.03883 
0,0.01925 ,0.05949 ,0.04727 ,0.03607 ,0.04285 ,0.05636 
0,0.02458 ,0.05161 ,0.02731 ,0.06576 ,0.07476 ,0.03240 
0,0.01952 ,0.05138 ,0.02246 ,0.01770 ,0.04562 ,0.01819 
0,0.03956 ,0.05273 ,0.05920 ,0.04708 ,0.06293 ,0.06299 
0,0.04018 ,0.05305 ,0.03444 ,0.07508 ,0.11050 ,0.07537 
0,0.05006 ,0.05188 ,0.03032 ,0.12718 ,0.18161 ,0.08028 
0,0.02688 ,0.04922 ,0.03158 ,0.04798 ,0.09190 ,0.04604 
0,0.02352 ,0.05311 ,0.03292 ,0.03839 ,0.02231 ,0.05563 
0,0.00000 ,0.05350 ,0.03927 ,0.01807 ,0.01796 ,0.00712 
0,0.04552 ,0.05076 ,0.02945 ,0.04908 ,0.05185 ,0.04720 
0,0.01971 ,0.05041 ,0.02258 ,0.02744 ,0.03892 ,0.05153 
0,0.12085 ,0.05481 ,0.04506 ,0.03456 ,0.12729 ,0.15913 
0,0.06631 ,0.05287 ,0.04416 ,0.06527 ,0.07032 ,0.05418 
0,0.28976 ,0.17801 ,0.12998 ,0.13543 ,0.13317 ,0.08961 
0,0.18089 ,0.21018 ,0.17099 ,0.14473 ,0.08005 ,0.15096 
0,0.26287 ,0.15064 ,0.11003 ,0.13171 ,0.08187 ,0.02872 
0,0.23275 ,0.10765 ,0.07529 ,0.05653 ,0.06555 ,0.02677 
0,0.09506 ,0.18105 ,0.15859 ,0.08929 ,0.09755 ,0.09929 
0,0.16777 ,0.14601 ,0.13667 ,0.11088 ,0.02785 ,0.11264 
0,0.10711 ,0.12262 ,0.09310 ,0.04851 ,0.02806 ,0.05347 
0,0.11243 ,0.10251 ,0.04562 ,0.01890 ,0.03734 ,0.14757 
0,0.25032 ,0.09921 ,0.06144 ,0.04160 ,0.04828 ,0.10266 
0,0.21304 ,0.09287 ,0.05302 ,0.05469 ,0.05125 ,0.10178 
0,0.08940 ,0.08220 ,0.03656 ,0.01819 ,0.08472 ,0.04175 
0,0.28898 ,0.08515 ,0.02803 ,0.04422 ,0.02724 ,0.15824 
0,0.22484 ,0.08286 ,0.04677 ,0.04257 ,0.12184 ,0.18641 
0,0.12993 ,0.12655 ,0.10281 ,0.03074 ,0.05302 ,0.07138 
0,0.24460 ,0.11604 ,0.08499 ,0.06573 ,0.06230 ,0.07610 
0,0.26481 ,0.13807 ,0.10345 ,0.03168 ,0.03239 ,0.09921 
0,0.05023 ,0.09044 ,0.04501 ,0.03172 ,0.02979 ,0.07557 
0,0.15563 ,0.10112 ,0.06455 ,0.05447 ,0.07835 ,0.14347 
0,0.29163 ,0.08972 ,0.04430 ,0.03180 ,0.05177 ,0.08516 
0,0.15301 ,0.09176 ,0.05413 ,0.04218 ,0.01913 ,0.07853 
0,0.13081 ,0.12003 ,0.07993 ,0.04068 ,0.04610 ,0.03043 
0,0.15253 ,0.14439 ,0.09247 ,0.09446 ,0.13100 ,0.10754 
0,0.12909 ,0.10035 ,0.06908 ,0.06665 ,0.04699 ,0.10357 
0,0.13613 ,0.08631 ,0.04732 ,0.05347 ,0.02551 ,0.12731 
0,0.08667 ,0.08945 ,0.06391 ,0.05298 ,0.01801 ,0.04540 
0,0.42307 ,0.09213 ,0.05482 ,0.03383 ,0.04719 ,0.11194 
0,0.13137 ,0.08848 ,0.05550 ,0.01522 ,0.03277 ,0.03817 
0,0.17211 ,0.08615 ,0.03757 ,0.06796 ,0.04727 ,0.08028 
0,0.09122 ,0.09076 ,0.04552 ,0.02605 ,0.05085 ,0.08661 
0,0.10415 ,0.08756 ,0.07266 ,0.02358 ,0.05652 ,0.08486 
0,0.08564 ,0.08588 ,0.06551 ,0.04055 ,0.02005 ,0.06929 
0,0.31562 ,0.09008 ,0.04290 ,0.02162 ,0.06419 ,0.09550 
0,0.32617 ,0.08638 ,0.05042 ,0.03415 ,0.08190 ,0.09522 
0,0.20886 ,0.08092 ,0.04262 ,0.03824 ,0.03448 ,0.12969 
0,0.21663 ,0.08460 ,0.05837 ,0.05042 ,0.04841 ,0.08062 
0,0.16504 ,0.08140 ,0.03274 ,0.03241 ,0.03598 ,0.10263 
0,0.10898 ,0.07851 ,0.03380 ,0.04577 ,0.00000 ,0.15438 
0,0.23277 ,0.08205 ,0.05085 ,0.02700 ,0.10755 ,0.08648 
0,0.08967 ,0.08129 ,0.04700 ,0.02190 ,0.04053 ,0.07016 
0,0.30804 ,0.09198 ,0.03790 ,0.03413 ,0.06211 ,0.11952 
0,0.11866 ,0.11385 ,0.09306 ,0.05807 ,0.04225 ,0.07739 
0,0.09986 ,0.08904 ,0.04887 ,0.08068 ,0.08771 ,0.17772 
0,0.17398 ,0.07839 ,0.03915 ,0.02885 ,0.03584 ,0.06139 
0,0.29451 ,0.08336 ,0.04564 ,0.02350 ,0.10970 ,0.09567 
0,0.26842 ,0.08168 ,0.05137 ,0.03483 ,0.09622 ,0.10229 
0,0.16195 ,0.08626 ,0.04052 ,0.02758 ,0.09737 ,0.15842 
0,0.07580 ,0.07959 ,0.04730 ,0.02345 ,0.02411 ,0.07522 
0,0.26195 ,0.08284 ,0.03708 ,0.03099 ,0.04851 ,0.11092 
0,0.21177 ,0.09081 ,0.04681 ,0.03726 ,0.05997 ,0.15450 
0,0.17623 ,0.09830 ,0.06581 ,0.04087 ,0.06453 ,0.12103 
0,0.20274 ,0.12816 ,0.06473 ,0.12182 ,0.12395 ,0.14404 
0,0.09173 ,0.09240 ,0.04142 ,0.03498 ,0.10521 ,0.11395 
0,0.22652 ,0.08403 ,0.03929 ,0.02950 ,0.05906 ,0.03438 
0,0.16228 ,0.09294 ,0.06719 ,0.04720 ,0.12252 ,0.09239 
0,0.16592 ,0.08666 ,0.04509 ,0.05146 ,0.04373 ,0.07742 
0,0.20120 ,0.08819 ,0.05573 ,0.05902 ,0.08239 ,0.13470 
0,0.23211 ,0.08709 ,0.08300 ,0.08817 ,0.06480 ,0.09669 
0,0.09501 ,0.08751 ,0.06213 ,0.04384 ,0.07539 ,0.05288 
0,0.27900 ,0.09032 ,0.04830 ,0.04843 ,0.07033 ,0.09147 
0,0.27869 ,0.08294 ,0.05451 ,0.04633 ,0.06229 ,0.18929 
0,0.09436 ,0.08860 ,0.04793 ,0.05394 ,0.10455 ,0.11608 
0,0.12848 ,0.08866 ,0.03742 ,0.04140 ,0.02786 ,0.02962 
0,0.15022 ,0.09086 ,0.06249 ,0.06072 ,0.09578 ,0.07399 
0,0.10867 ,0.08322 ,0.04515 ,0.03305 ,0.05115 ,0.03201 
0,0.11437 ,0.09660 ,0.05358 ,0.05438 ,0.04708 ,0.13103 
0,0.09289 ,0.10571 ,0.06239 ,0.05825 ,0.01436 ,0.07186 
0,0.12409 ,0.19624 ,0.13428 ,0.08473 ,0.13297 ,0.12756 
0,0.07666 ,0.09228 ,0.05291 ,0.03274 ,0.02831 ,0.01405 
0,0.12507 ,0.09526 ,0.05728 ,0.05912 ,0.09744 ,0.14855 
0,0.25312 ,0.08326 ,0.03825 ,0.05437 ,0.04739 ,0.03155 
0,0.28390 ,0.08124 ,0.04829 ,0.08569 ,0.05324 ,0.08894 
0,0.12982 ,0.07707 ,0.04234 ,0.02794 ,0.06246 ,0.12340 
0,0.13893 ,0.08060 ,0.04174 ,0.05681 ,0.05322 ,0.05478 
0,0.16402 ,0.08562 ,0.04731 ,0.01768 ,0.10794 ,0.14060 
0,0.08378 ,0.07376 ,0.04161 ,0.02352 ,0.07627 ,0.08627 
0,0.17840 ,0.08111 ,0.04741 ,0.02894 ,0.03592 ,0.10674 
0,0.08487 ,0.10000 ,0.08216 ,0.05694 ,0.04945 ,0.09676 
0,0.22427 ,0.15728 ,0.14469 ,0.08105 ,0.09138 ,0.11098 
0,0.15888 ,0.12926 ,0.13507 ,0.04422 ,0.05050 ,0.06268 
0,0.07755 ,0.08153 ,0.06614 ,0.02849 ,0.09368 ,0.06767 
0,0.18236 ,0.06930 ,0.04106 ,0.03796 ,0.06436 ,0.12506 
0,0.16796 ,0.07550 ,0.05764 ,0.03060 ,0.02986 ,0.06525 
0,0.28865 ,0.07633 ,0.03475 ,0.03801 ,0.04097 ,0.11119 
0,0.16047 ,0.07647 ,0.04007 ,0.05306 ,0.03106 ,0.11151 
0,0.21050 ,0.08667 ,0.05327 ,0.05371 ,0.07402 ,0.08787 
0,0.14782 ,0.08444 ,0.05036 ,0.04282 ,0.04794 ,0.09366 
0,0.16509 ,0.08100 ,0.06256 ,0.05292 ,0.09177 ,0.09063 
0,0.26700 ,0.08168 ,0.05051 ,0.05990 ,0.02502 ,0.10492 
0,0.15276 ,0.08406 ,0.04342 ,0.03885 ,0.03977 ,0.05630 
0,0.11631 ,0.07939 ,0.04832 ,0.03810 ,0.02003 ,0.13943 
0,0.64161 ,0.11735 ,0.16307 ,0.11411 ,0.30453 ,0.49269 
0,0.32124 ,0.06406 ,0.07762 ,0.06506 ,0.15563 ,0.17943 
0,0.19692 ,0.05938 ,0.06918 ,0.14930 ,0.13532 ,0.19471 
0,0.11624 ,0.11862 ,0.20950 ,0.11546 ,0.07527 ,0.07447 
0,0.08637 ,0.12549 ,0.16291 ,0.12313 ,0.05188 ,0.04990 
0,0.27095 ,0.11032 ,0.11847 ,0.15637 ,0.15642 ,0.18191 
0,0.08342 ,0.06672 ,0.08610 ,0.10930 ,0.12227 ,0.11480 
0,0.09299 ,0.05042 ,0.08150 ,0.05957 ,0.06849 ,0.09059 
0,0.33457 ,0.05443 ,0.10439 ,0.14203 ,0.21724 ,0.08600 
0,0.23419 ,0.04249 ,0.07701 ,0.09605 ,0.13184 ,0.09377 
0,0.25998 ,0.08434 ,0.12376 ,0.10793 ,0.17571 ,0.16868 
0,0.08945 ,0.06123 ,0.05007 ,0.11786 ,0.09187 ,0.08766 
0,0.22268 ,0.05909 ,0.10137 ,0.12994 ,0.11154 ,0.16631 
0,0.23019 ,0.12568 ,0.15015 ,0.12840 ,0.22182 ,0.24115 
0,0.22172 ,0.09910 ,0.12824 ,0.08915 ,0.07255 ,0.17575 
0,0.18651 ,0.05892 ,0.10560 ,0.06238 ,0.07999 ,0.11624 
0,0.07857 ,0.05646 ,0.06258 ,0.06411 ,0.08622 ,0.09640 
0,0.08752 ,0.04189 ,0.07659 ,0.06047 ,0.09061 ,0.08437 
0,0.06123 ,0.03744 ,0.07014 ,0.04513 ,0.06819 ,0.05865 
0,0.04417 ,0.03389 ,0.08847 ,0.10827 ,0.04730 ,0.02635 
0,0.10184 ,0.05497 ,0.07228 ,0.05025 ,0.04917 ,0.10951 
0,0.02654 ,0.04236 ,0.06261 ,0.09635 ,0.04876 ,0.07326 
0,0.01345 ,0.03027 ,0.05984 ,0.08659 ,0.06308 ,0.02410 
0,0.02448 ,0.01805 ,0.02632 ,0.10738 ,0.04901 ,0.04885 
0,0.03077 ,0.03029 ,0.07492 ,0.03828 ,0.08123 ,0.07617 
0,0.33612 ,0.04927 ,0.06044 ,0.08871 ,0.22182 ,0.32223 
0,0.11864 ,0.04619 ,0.07517 ,0.03931 ,0.05792 ,0.20116 
0,0.03257 ,0.03050 ,0.04379 ,0.11243 ,0.09564 ,0.04403 
0,0.11074 ,0.06745 ,0.10206 ,0.11319 ,0.12104 ,0.19305 
0,0.06062 ,0.05839 ,0.08014 ,0.04738 ,0.07449 ,0.11234 
1,0.51479 ,0.27110 ,0.27313 ,0.33604 ,0.23171 ,0.60012 
1,0.71846 ,0.36819 ,0.38603 ,0.37502 ,0.39146 ,0.79857 
1,0.63391 ,0.47237 ,0.59841 ,0.28990 ,0.47998 ,0.49186 
1,0.52459 ,0.31783 ,0.34702 ,0.25848 ,0.28670 ,0.50139 
1,0.51509 ,0.18139 ,0.24109 ,0.21269 ,0.27252 ,0.36038 
1,0.72296 ,0.17220 ,0.17412 ,0.24117 ,0.25235 ,0.33959 
1,0.36604 ,0.33620 ,0.33864 ,0.38041 ,0.36380 ,0.54343 
1,0.26848 ,0.41016 ,0.41967 ,0.40159 ,0.34453 ,0.54911 
1,0.37767 ,0.35094 ,0.39269 ,0.50086 ,0.69049 ,0.55126 
1,0.33355 ,0.34189 ,0.41164 ,0.50627 ,0.55889 ,0.59243 
1,0.42190 ,0.30268 ,0.37305 ,0.39832 ,0.65635 ,0.56063 
1,0.33816 ,0.29026 ,0.32205 ,0.30517 ,0.56366 ,0.60721 
1,0.36721 ,0.39594 ,0.42272 ,0.49729 ,0.57018 ,0.58860 
1,0.34622 ,0.32062 ,0.34275 ,0.36586 ,0.29599 ,0.40388 
1,0.18865 ,0.15879 ,0.18137 ,0.26710 ,0.38629 ,0.24632 
1,0.34005 ,0.52396 ,0.54335 ,0.49690 ,0.34975 ,0.37841 
1,0.31320 ,0.25358 ,0.27930 ,0.26219 ,0.38556 ,0.45827 
1,0.26744 ,0.25135 ,0.31541 ,0.28092 ,0.35107 ,0.44275 
1,0.37490 ,0.18787 ,0.27584 ,0.23716 ,0.39337 ,0.77444 
1,0.56765 ,0.18502 ,0.24524 ,0.33239 ,0.51721 ,0.58282 
1,0.71798 ,0.42868 ,0.43177 ,0.34335 ,0.38302 ,0.57967 
1,0.60160 ,0.20564 ,0.25977 ,0.31239 ,0.42886 ,0.88966 
1,0.69120 ,0.26688 ,0.34913 ,0.23925 ,0.41186 ,0.70324 
1,0.41329 ,0.15875 ,0.22126 ,0.28253 ,0.42867 ,0.48054 
1,0.50165 ,0.15016 ,0.23107 ,0.37589 ,0.36768 ,0.40976 
1,0.59871 ,0.27118 ,0.36492 ,0.35031 ,0.38464 ,0.23666 
1,0.66476 ,0.25769 ,0.35874 ,0.33353 ,0.35397 ,0.31900 
1,0.25918 ,0.55558 ,0.52975 ,0.50452 ,0.26732 ,0.13610 
1,0.32603 ,0.32407 ,0.38638 ,0.56441 ,0.22223 ,0.19483 
1,0.32850 ,0.29590 ,0.34537 ,0.40710 ,0.17315 ,0.15022 
1,0.68139 ,0.03232 ,0.06736 ,0.14572 ,0.20606 ,0.56325 
1,0.73507 ,0.02799 ,0.12102 ,0.26839 ,0.26467 ,0.61849 
1,0.62748 ,0.01377 ,0.06214 ,0.19697 ,0.36117 ,0.59878 
1,0.34743 ,0.00978 ,0.02692 ,0.15460 ,0.57602 ,0.32845 
1,0.15191 ,0.03315 ,0.09282 ,0.25867 ,0.32223 ,0.20629 
1,0.23437 ,0.01877 ,0.04214 ,0.13408 ,0.37937 ,0.26570 
1,0.26572 ,0.03283 ,0.06186 ,0.18726 ,0.46919 ,0.36188 
1,0.36355 ,0.03028 ,0.10528 ,0.23759 ,0.46993 ,0.32081 
1,0.36974 ,0.02725 ,0.10625 ,0.11919 ,0.38422 ,0.30507 
1,0.21018 ,0.03896 ,0.10041 ,0.22493 ,0.35547 ,0.36958 
1,0.30829 ,0.02722 ,0.05667 ,0.22977 ,0.24563 ,0.22369 
1,0.23774 ,0.02863 ,0.07393 ,0.21687 ,0.22761 ,0.28659 
1,0.28517 ,0.02825 ,0.06643 ,0.18980 ,0.34095 ,0.46208 
1,0.29498 ,0.03071 ,0.08274 ,0.14616 ,0.36187 ,0.33788 
1,0.48442 ,0.03506 ,0.07727 ,0.18990 ,0.15142 ,0.47089 
1,0.40168 ,0.02714 ,0.06919 ,0.23008 ,0.33471 ,0.33738 
1,0.37697 ,0.02977 ,0.06928 ,0.08956 ,0.28613 ,0.46289 
1,0.54663 ,0.02274 ,0.05917 ,0.22623 ,0.27980 ,0.31857 
1,0.39495 ,0.03247 ,0.10573 ,0.31615 ,0.30215 ,0.49999 
1,0.44185 ,0.02097 ,0.10574 ,0.35960 ,0.27764 ,0.34121 
1,0.69526 ,0.02387 ,0.06892 ,0.18240 ,0.37679 ,0.20268 
1,0.73221 ,0.02761 ,0.03596 ,0.20602 ,0.31749 ,0.30678 
1,0.79987 ,0.02295 ,0.04363 ,0.22173 ,0.39599 ,0.78486 
1,0.51358 ,0.02276 ,0.08042 ,0.20677 ,0.30787 ,0.24515 
1,0.44153 ,0.01329 ,0.04683 ,0.15034 ,0.40336 ,0.27183 
1,0.72650 ,0.01216 ,0.03111 ,0.25580 ,0.39024 ,0.27295 
1,0.53322 ,0.01872 ,0.05973 ,0.21090 ,0.30030 ,0.56889 
1,0.59764 ,0.01055 ,0.02213 ,0.22900 ,0.42124 ,0.35645 
1,0.78073 ,0.01539 ,0.05595 ,0.23284 ,0.28840 ,0.60355 
1,0.61379 ,0.03306 ,0.06640 ,0.22453 ,0.42691 ,0.38525 
1,0.34134 ,0.36904 ,0.44440 ,0.27842 ,0.32878 ,0.34378 
1,0.18884 ,0.14700 ,0.14191 ,0.21631 ,0.22340 ,0.18489 
1,0.54938 ,0.27988 ,0.24634 ,0.35245 ,0.51058 ,0.48750 
1,0.34887 ,0.43074 ,0.51909 ,0.30852 ,0.29421 ,0.42645 
1,0.34886 ,0.43305 ,0.44478 ,0.33905 ,0.26082 ,0.36800 
1,0.20877 ,0.55992 ,0.55699 ,0.41516 ,0.27910 ,0.31963 
1,0.36149 ,0.75022 ,0.75843 ,0.39093 ,0.27523 ,0.52097 
1,0.36685 ,1.00000 ,1.00000 ,0.76184 ,0.41525 ,0.28933 
1,0.39298 ,0.83496 ,0.87566 ,0.55155 ,0.34928 ,0.26931 
1,0.48331 ,0.48960 ,0.49937 ,0.45335 ,0.38049 ,0.43168 
1,0.49945 ,0.45192 ,0.46397 ,0.29230 ,0.29828 ,0.31596 
1,0.78019 ,0.23860 ,0.26473 ,0.20645 ,0.35811 ,0.29653 
1,0.45167 ,0.59566 ,0.55862 ,0.25525 ,0.38682 ,0.32232 
1,0.35458 ,0.60801 ,0.68719 ,0.42933 ,0.33882 ,0.35697 
1,0.56509 ,0.75547 ,0.69695 ,0.73388 ,0.40640 ,0.39651 
1,0.60328 ,0.67330 ,0.68492 ,0.47907 ,0.38277 ,0.51335 
1,0.78373 ,0.59540 ,0.59505 ,0.54208 ,0.48769 ,0.43385 
1,0.70799 ,0.46140 ,0.59414 ,0.33686 ,0.35322 ,0.33485 
1,0.62062 ,0.31188 ,0.44761 ,0.48289 ,0.44095 ,0.63533 
1,1.00000 ,0.23795 ,0.29488 ,0.39916 ,0.36906 ,0.98246 
1,0.74957 ,0.83791 ,0.70838 ,0.51337 ,0.28767 ,0.54814 
1,0.92712 ,0.42816 ,0.43757 ,0.30234 ,0.27063 ,0.77707 
1,0.65887 ,0.57272 ,0.70757 ,0.66750 ,0.40055 ,0.27235 
1,0.25993 ,0.20429 ,0.21391 ,0.26444 ,0.18591 ,0.31963 
1,0.55875 ,0.65451 ,0.60248 ,0.54702 ,0.20503 ,0.60877 
1,0.59696 ,0.68300 ,0.72124 ,0.40473 ,0.25124 ,0.57107 
1,0.35990 ,0.48688 ,0.53171 ,0.26129 ,0.13742 ,0.16862 
1,0.62653 ,0.44159 ,0.48651 ,0.37253 ,0.20528 ,0.36308 
1,0.53236 ,0.16371 ,0.22063 ,0.25344 ,0.17789 ,0.30449 
1,0.42029 ,0.19885 ,0.25041 ,0.17974 ,0.06712 ,0.32651 
1,0.90628 ,0.23537 ,0.24320 ,0.29101 ,0.28794 ,0.69773 
1,0.47578 ,0.17483 ,0.16362 ,0.20423 ,0.37744 ,0.63325 
1,0.53613 ,0.13472 ,0.16412 ,0.25684 ,0.45745 ,0.55085 
1,0.85662 ,0.16987 ,0.16656 ,0.34040 ,0.35459 ,0.69004 
1,0.32436 ,0.20732 ,0.24893 ,0.25214 ,0.44643 ,0.43156 
1,0.59737 ,0.17362 ,0.26506 ,0.33826 ,0.37600 ,0.47518 
1,0.51135 ,0.16716 ,0.22464 ,0.36496 ,0.34011 ,0.68122 
1,0.98809 ,0.13399 ,0.20484 ,0.49671 ,0.44053 ,0.85400 
1,0.56153 ,0.37025 ,0.43782 ,0.26679 ,0.41331 ,0.33984 
1,0.90423 ,0.29503 ,0.30268 ,0.38715 ,0.32148 ,0.41242 
1,0.56181 ,0.31772 ,0.37861 ,0.29954 ,0.35292 ,0.43621 
1,0.85268 ,0.29930 ,0.34178 ,0.32615 ,0.40482 ,0.54871 
1,0.50463 ,0.46879 ,0.54122 ,0.33908 ,0.38594 ,0.48747 
1,0.65371 ,0.40998 ,0.39379 ,0.37315 ,0.54166 ,0.22319 
1,0.58900 ,0.22357 ,0.21432 ,0.40899 ,0.39819 ,0.37107 
1,0.73110 ,0.22752 ,0.25585 ,0.39244 ,0.29906 ,0.39617 
1,0.67629 ,0.18407 ,0.21132 ,0.25544 ,0.41194 ,0.62462 
1,0.39074 ,0.18214 ,0.19418 ,0.23589 ,0.33070 ,0.48947 
1,0.33315 ,0.26376 ,0.22067 ,0.37485 ,0.31017 ,0.18195 
1,0.38614 ,0.25424 ,0.21864 ,0.39493 ,0.31379 ,0.44433 
1,0.60029 ,0.29184 ,0.32255 ,0.28602 ,0.27393 ,0.52335 
1,0.38404 ,0.17829 ,0.27077 ,0.58975 ,0.29063 ,0.25105 
1,0.32890 ,0.18138 ,0.25149 ,0.44518 ,0.38731 ,0.36976 
1,0.54038 ,0.28085 ,0.27220 ,0.33220 ,0.32818 ,0.63822 
1,0.44649 ,0.10990 ,0.16427 ,0.31280 ,0.32984 ,0.22229 
1,0.30744 ,0.13418 ,0.14777 ,0.26360 ,0.30493 ,0.16283 
1,0.51667 ,0.13563 ,0.17369 ,0.30037 ,0.32986 ,0.34931 
1,0.42756 ,0.15406 ,0.18598 ,0.19460 ,0.19332 ,0.36439 
1,0.62759 ,0.13822 ,0.12243 ,0.33158 ,0.43147 ,0.33726 
1,0.26437 ,0.12333 ,0.11904 ,0.22436 ,0.29089 ,0.36185 
1,0.37350 ,0.19538 ,0.18831 ,0.27954 ,0.32364 ,0.38906 
1,0.29494 ,0.29526 ,0.34031 ,0.28640 ,0.29434 ,0.23730 
1,0.44677 ,0.17423 ,0.21102 ,0.33601 ,0.32061 ,0.42383 
1,0.38835 ,0.27657 ,0.21303 ,0.27161 ,0.42576 ,0.45653 
1,0.33221 ,0.39190 ,0.40738 ,0.35039 ,0.24625 ,0.41769 
1,0.43473 ,0.32712 ,0.32111 ,0.38606 ,0.21270 ,0.40373 
1,0.28610 ,0.27856 ,0.34401 ,0.29717 ,0.31927 ,0.39865 
1,0.54526 ,0.26084 ,0.33731 ,0.29309 ,0.35577 ,0.54692 
1,0.36821 ,0.26412 ,0.28384 ,0.29148 ,0.41672 ,0.39210 
1,0.50750 ,0.23590 ,0.26154 ,0.38400 ,0.40999 ,0.48161 
1,0.52582 ,0.28413 ,0.29817 ,0.53720 ,0.63794 ,0.62068 
1,0.54229 ,0.26913 ,0.32697 ,0.43445 ,0.47208 ,0.44651 
1,0.53489 ,0.22827 ,0.23997 ,0.39926 ,0.54291 ,0.54704 
1,0.43111 ,0.28214 ,0.29628 ,0.32843 ,0.44377 ,0.64013 
1,0.40424 ,0.40001 ,0.41470 ,0.41424 ,0.43854 ,0.67432 
1,0.54201 ,0.29135 ,0.29124 ,0.43131 ,0.33659 ,0.46723 
1,0.43925 ,0.34199 ,0.27775 ,0.28611 ,0.32943 ,0.63802 
1,0.40511 ,0.29866 ,0.29329 ,0.19649 ,0.36817 ,0.56176 
1,0.43053 ,0.28152 ,0.26413 ,0.28992 ,0.28427 ,0.54685 
1,0.36361 ,0.25415 ,0.28208 ,0.44446 ,0.42929 ,0.51040 
1,0.47903 ,0.26276 ,0.23648 ,0.24768 ,0.18704 ,0.51948 
1,0.48039 ,0.21688 ,0.26769 ,0.37310 ,0.42100 ,0.51842 
1,0.42530 ,0.25767 ,0.26137 ,0.55927 ,0.50913 ,0.47187 
1,0.37907 ,0.20525 ,0.27700 ,0.53841 ,0.43699 ,0.49300 
1,0.33164 ,0.26474 ,0.29508 ,0.33627 ,0.27064 ,0.59353 
1,0.68980 ,0.24934 ,0.36330 ,0.42163 ,0.37041 ,0.63564 
1,0.65667 ,0.23313 ,0.32690 ,0.45908 ,0.37938 ,0.66269 
1,0.48751 ,0.24018 ,0.24944 ,0.38771 ,0.48461 ,0.45774 
1,0.72929 ,0.21306 ,0.21161 ,0.37310 ,0.38999 ,0.44685 
1,0.48955 ,0.18371 ,0.22687 ,0.56724 ,0.60640 ,0.35985 
1,0.54178 ,0.18390 ,0.18464 ,0.32384 ,0.56132 ,0.46529 
1,0.68156 ,0.18541 ,0.24305 ,0.59054 ,0.47897 ,0.58980 
1,0.68486 ,0.30215 ,0.34647 ,0.42362 ,0.44224 ,0.48876 
1,0.51413 ,0.23056 ,0.22307 ,0.34826 ,0.43759 ,0.69209 
1,0.65112 ,0.19114 ,0.25179 ,0.55594 ,0.44903 ,0.78526 
1,0.75851 ,0.26323 ,0.30132 ,0.69968 ,0.71408 ,0.78488 
1,0.51791 ,0.15282 ,0.17841 ,0.50259 ,0.47970 ,0.51161 
1,0.53066 ,0.22917 ,0.28353 ,0.59168 ,0.46987 ,0.43601 
1,0.40217 ,0.17410 ,0.21984 ,0.48712 ,0.34844 ,0.53154 
1,0.53775 ,0.21642 ,0.25260 ,0.39943 ,0.58404 ,0.56399 
1,0.49128 ,0.18861 ,0.24010 ,0.43109 ,0.48410 ,0.53933 
1,0.44152 ,0.20042 ,0.22620 ,0.47004 ,0.78123 ,0.55729 
1,0.46798 ,0.23236 ,0.25012 ,0.48949 ,0.68920 ,0.36330 
1,0.70415 ,0.14331 ,0.20044 ,0.40532 ,0.50849 ,0.52531 
1,0.62976 ,0.19988 ,0.20549 ,0.46738 ,0.48100 ,0.52770 
1,0.51712 ,0.21169 ,0.39158 ,0.72752 ,0.50902 ,0.57053 
1,0.43278 ,0.13570 ,0.13719 ,0.52290 ,0.36754 ,0.40866 
1,0.40486 ,0.16996 ,0.26075 ,0.49869 ,0.72375 ,0.31580 
1,0.54039 ,0.21903 ,0.26775 ,0.68716 ,0.61669 ,0.48628 
1,0.43583 ,0.23415 ,0.33757 ,0.74039 ,0.44123 ,0.47590 
1,0.44716 ,0.21343 ,0.23108 ,0.51937 ,0.38063 ,0.64119 
1,0.59847 ,0.33163 ,0.31050 ,0.64248 ,0.44482 ,0.41086 
1,0.37832 ,0.21270 ,0.22445 ,0.48589 ,0.39486 ,0.35766 
1,0.55761 ,0.18423 ,0.17657 ,0.44114 ,0.27267 ,0.58164 
1,0.38702 ,0.18488 ,0.20099 ,0.59999 ,0.63934 ,0.43365 
1,0.43445 ,0.18491 ,0.20014 ,0.57454 ,0.52088 ,0.32246 
1,0.53256 ,0.17286 ,0.17145 ,0.46261 ,0.43512 ,0.35940 
1,0.34613 ,0.24796 ,0.27985 ,0.31100 ,0.50995 ,0.49479 
1,0.36697 ,0.15955 ,0.18257 ,0.63572 ,0.80313 ,0.20392 
1,0.46204 ,0.25184 ,0.26079 ,0.47871 ,0.55202 ,0.43238 
1,0.22758 ,0.24042 ,0.30235 ,0.27595 ,0.27446 ,0.30210 
1,0.42488 ,0.22130 ,0.25378 ,0.24708 ,0.28098 ,0.36189 
1,0.45170 ,0.26189 ,0.22100 ,0.36022 ,0.40583 ,0.60888 
1,0.43152 ,0.23846 ,0.29038 ,0.27033 ,0.26122 ,0.28540 
1,0.40526 ,0.21612 ,0.24198 ,0.29919 ,0.35580 ,0.23745 
1,0.47628 ,0.18820 ,0.24495 ,0.39909 ,0.44945 ,0.48992 
1,0.24861 ,0.21369 ,0.25788 ,0.35730 ,0.51278 ,0.30367 
1,0.76477 ,0.22018 ,0.25713 ,0.29720 ,0.46920 ,1.00000 
1,0.50783 ,0.21131 ,0.28613 ,0.37183 ,0.31336 ,0.40546 
1,0.54523 ,0.21214 ,0.26140 ,0.39517 ,0.33981 ,0.74927 
1,0.57623 ,0.20401 ,0.23356 ,0.33772 ,0.54509 ,0.62268 
1,0.64337 ,0.20534 ,0.18730 ,0.42153 ,0.66872 ,0.74272 
1,0.55860 ,0.17577 ,0.22655 ,0.41765 ,0.53194 ,0.78351 
1,0.68211 ,0.20267 ,0.23041 ,0.56045 ,0.27720 ,0.80719 
1,0.42686 ,0.16721 ,0.19132 ,0.34537 ,0.36649 ,0.41001 
1,0.51027 ,0.15920 ,0.16369 ,0.31222 ,0.40891 ,0.69633 
1,0.35227 ,0.19734 ,0.22375 ,0.25111 ,0.30509 ,0.51010 
1,0.36352 ,0.17777 ,0.19908 ,0.39297 ,0.38450 ,0.38884 
1,0.69249 ,0.16242 ,0.18646 ,0.46000 ,0.75833 ,0.68953 
1,0.36796 ,0.15403 ,0.23584 ,0.43845 ,0.28192 ,0.42491 
1,0.28757 ,0.18789 ,0.24196 ,0.45650 ,0.39597 ,0.31289 
1,0.62351 ,0.20754 ,0.24957 ,0.34015 ,0.47523 ,0.68456 
1,0.39140 ,0.24236 ,0.35979 ,0.36681 ,0.37858 ,0.51295 
1,0.69496 ,0.30620 ,0.36264 ,0.52307 ,0.37141 ,0.44004 
1,0.67104 ,0.17546 ,0.23048 ,0.33073 ,0.43887 ,0.95110 
1,0.60064 ,0.18003 ,0.32411 ,0.36676 ,0.45175 ,0.75730 
1,0.76221 ,0.22926 ,0.26815 ,0.45882 ,0.26209 ,0.82066 
1,0.80839 ,0.23493 ,0.20806 ,0.37613 ,0.34195 ,0.27211 
1,0.43338 ,0.34347 ,0.42910 ,0.38255 ,0.39155 ,0.45113 
1,0.37041 ,0.27779 ,0.24900 ,0.50669 ,0.41133 ,0.58333 
1,0.55674 ,0.22879 ,0.29575 ,0.49834 ,0.49784 ,0.51203 
1,0.37328 ,0.18915 ,0.23839 ,0.39969 ,0.52808 ,0.34515 
1,0.56538 ,0.30471 ,0.43233 ,0.50721 ,0.65658 ,0.54409 
1,0.60257 ,0.25983 ,0.33415 ,0.63751 ,0.46525 ,0.88045 
1,0.75158 ,0.28086 ,0.43556 ,0.47306 ,0.73328 ,0.49842 
1,0.73073 ,0.41141 ,0.51397 ,0.73173 ,0.58872 ,0.39972 
1,0.54234 ,0.47146 ,0.56180 ,0.72766 ,0.65181 ,0.70837 
1,0.49812 ,0.26063 ,0.38592 ,0.81500 ,0.79863 ,0.78516 
1,0.44344 ,0.27365 ,0.38395 ,0.56465 ,0.74926 ,0.61618 
1,0.69199 ,0.16573 ,0.23702 ,0.56731 ,0.77758 ,0.63058 
1,0.46496 ,0.26577 ,0.38513 ,0.56946 ,0.66081 ,0.70472 
1,0.51965 ,0.19804 ,0.33209 ,0.54558 ,0.68106 ,0.73334 
1,0.49054 ,0.27951 ,0.39084 ,0.51603 ,0.42504 ,0.63595 
1,0.58650 ,0.27924 ,0.35495 ,0.67180 ,0.44356 ,0.97053 
1,0.52767 ,0.26610 ,0.40075 ,0.53572 ,0.68652 ,0.71353 
1,0.71802 ,0.20603 ,0.36662 ,0.62453 ,0.54105 ,0.60484 
1,0.49180 ,0.28069 ,0.35820 ,0.82083 ,0.89966 ,0.78179 
1,0.36905 ,0.22974 ,0.31326 ,0.61186 ,0.57882 ,0.50983 
1,0.45732 ,0.33023 ,0.39319 ,0.84417 ,0.61209 ,0.81663 
1,0.42011 ,0.22518 ,0.25049 ,1.00000 ,0.43811 ,0.37031 
1,0.38980 ,0.23219 ,0.38173 ,0.47972 ,1.00000 ,0.27959 
1,0.49735 ,0.20516 ,0.42158 ,0.63198 ,0.76331 ,0.78176 
1,0.42924 ,0.27022 ,0.30442 ,0.70093 ,0.79452 ,0.56597 
1,0.40458 ,0.23542 ,0.26128 ,0.64866 ,0.90736 ,0.41066 
1,0.36762 ,0.41389 ,0.64639 ,0.88571 ,0.66561 ,0.39654 
1,0.39999 ,0.18566 ,0.26772 ,0.37427 ,0.59006 ,0.64461 
1,0.33667 ,0.14113 ,0.22641 ,0.57259 ,0.72403 ,0.51492 
1,0.47320 ,0.28349 ,0.32226 ,0.70730 ,0.57908 ,0.32047 
1,0.40805 ,0.21332 ,0.30173 ,0.69009 ,0.76416 ,0.47929 
1,0.39701 ,0.15518 ,0.22333 ,0.80004 ,0.68232 ,0.38550 
